INSERT INTO role (roleid, type) VALUES (1, 'Logged user');
INSERT INTO role (roleid, type) VALUES (2, 'Waiter');
INSERT INTO role (roleid, type) VALUES (3, 'Cook');
INSERT INTO role (roleid, type) VALUES (4, 'Chef');
INSERT INTO role (roleid, type) VALUES (5, 'Manager');

-- password for all accounts to notRegisteredUser is admin
INSERT INTO USERS (USERID, EMAIL, FIRST_NAME, PASSWORD, REGISTERED_USER, SURNAME) VALUES (USER_SEQUENCE.nextval, 'admin@restaurant.cz', 'admin', '21232f297a57a5a743894a0e4a801fc3', 1, 'admin');
INSERT INTO USERS (USERID, EMAIL, FIRST_NAME, PASSWORD, REGISTERED_USER, SURNAME) VALUES (USER_SEQUENCE.nextval, 'chef@restaurant.cz', 'Pepa', '21232f297a57a5a743894a0e4a801fc3', 1, 'Novák');
INSERT INTO USERS (USERID, EMAIL, FIRST_NAME, PASSWORD, REGISTERED_USER, SURNAME) VALUES (USER_SEQUENCE.nextval, 'waiter@restaurant.cz', 'Adam', '21232f297a57a5a743894a0e4a801fc3', 1, 'Novotný');
INSERT INTO USERS (USERID, EMAIL, FIRST_NAME, PASSWORD, REGISTERED_USER, SURNAME) VALUES (USER_SEQUENCE.nextval, 'user@restaurant.cz', 'Pepa', '21232f297a57a5a743894a0e4a801fc3', 1, 'Sršeň');
INSERT INTO USERS (USERID, EMAIL, FIRST_NAME, PASSWORD, REGISTERED_USER, SURNAME) VALUES (USER_SEQUENCE.nextval, 'cook@restaurant.cz', 'Honza', '21232f297a57a5a743894a0e4a801fc3', 1, 'Horský');
INSERT INTO USERS (USERID, EMAIL, FIRST_NAME, PASSWORD, REGISTERED_USER, SURNAME) VALUES (USER_SEQUENCE.nextval, 'manager@restaurant.cz', 'Adam', '21232f297a57a5a743894a0e4a801fc3', 1, 'Svoboda');
-- password is notRegisteredUser
INSERT INTO USERS (USERID, EMAIL, FIRST_NAME, PASSWORD, REGISTERED_USER, SURNAME) VALUES (USER_SEQUENCE.nextval, 'notRegisteredUser@restaurant.cz', 'notRegisteredUser', 'be92f9bd769aad4d5e644ca2ef63067d', 0, 'notRegisteredUser');
-- password is jan
INSERT INTO USERS (USERID, EMAIL, FIRST_NAME, PASSWORD, REGISTERED_USER, SURNAME) VALUES (USER_SEQUENCE.nextval, 'customer@restaurant.cz', 'Jan', 'fa27ef3ef6570e32a79e74deca7c1bc3', 1, 'Dlouhý');
-- password is michal
INSERT INTO USERS (USERID, EMAIL, FIRST_NAME, PASSWORD, REGISTERED_USER, SURNAME) VALUES (USER_SEQUENCE.nextval, 'customer@restaurant.cz', 'Michal', '06b2af75179fb94be097af182a442a4a', 1, 'Studený');

INSERT INTO USERS (USERID, EMAIL, FIRST_NAME, PASSWORD, REGISTERED_USER, SURNAME) VALUES (USER_SEQUENCE.nextval, 'toms.chocholaty@seznam.cz', 'Tomas', '955db0b81ef1989b4a4dfeae8061a9a6', 1, 'Chocholaty');
INSERT INTO USERS (USERID, EMAIL, FIRST_NAME, PASSWORD, REGISTERED_USER, SURNAME) VALUES (USER_SEQUENCE.nextval, null, 'Ondřej', 'NOT REGISTRED USER', 0, 'Novák');
INSERT INTO USERS (USERID, EMAIL, FIRST_NAME, PASSWORD, REGISTERED_USER, SURNAME) VALUES (USER_SEQUENCE.nextval, null, 'Pavel', 'NOT REGISTRED USER', 0, 'Eis');
INSERT INTO USERS (USERID, EMAIL, FIRST_NAME, PASSWORD, REGISTERED_USER, SURNAME) VALUES (USER_SEQUENCE.nextval, null, 'Lukáš', 'NOT REGISTRED USER', 0, 'Ondrák');
INSERT INTO USERS (USERID, EMAIL, FIRST_NAME, PASSWORD, REGISTERED_USER, SURNAME) VALUES (USER_SEQUENCE.nextval, null, 'Tomáš', 'NOT REGISTRED USER', 0, 'Líbal');
INSERT INTO USERS (USERID, EMAIL, FIRST_NAME, PASSWORD, REGISTERED_USER, SURNAME) VALUES (USER_SEQUENCE.nextval, 'zakaznik@email.cz', 'Tomas', null, 0, 'Chocholaty');


INSERT INTO HAS (USER_ID, ROLEID) VALUES ('1', '1');
INSERT INTO HAS (USER_ID, ROLEID) VALUES ('1', '2');
INSERT INTO HAS (USER_ID, ROLEID) VALUES ('1', '3');
INSERT INTO HAS (USER_ID, ROLEID) VALUES ('1', '4');
INSERT INTO HAS (USER_ID, ROLEID) VALUES ('1', '5');
INSERT INTO HAS (USER_ID, ROLEID) VALUES ('2', '4');
INSERT INTO HAS (USER_ID, ROLEID) VALUES ('3', '2');
INSERT INTO HAS (USER_ID, ROLEID) VALUES ('4', '1');
INSERT INTO HAS (USER_ID, ROLEID) VALUES ('5', '3');
INSERT INTO HAS (USER_ID, ROLEID) VALUES ('6', '5');
INSERT INTO HAS (USER_ID, ROLEID) VALUES ('8', '1');
INSERT INTO HAS (USER_ID, ROLEID) VALUES ('9', '1');


INSERT INTO CATEGORY (CATEGORYID, NAME) VALUES (CATEGORY_SEQUENCE.nextval, 'Předkrmy');
INSERT INTO CATEGORY (CATEGORYID, NAME) VALUES (CATEGORY_SEQUENCE.nextval, 'Polévky');
INSERT INTO CATEGORY (CATEGORYID, NAME) VALUES (CATEGORY_SEQUENCE.nextval, 'Saláty');
INSERT INTO CATEGORY (CATEGORYID, NAME) VALUES (CATEGORY_SEQUENCE.nextval, 'Sendviče');
INSERT INTO CATEGORY (CATEGORYID, NAME) VALUES (CATEGORY_SEQUENCE.nextval, 'Vegetarianský výběr');
INSERT INTO CATEGORY (CATEGORYID, NAME) VALUES (CATEGORY_SEQUENCE.nextval, 'Hlavní chody');
INSERT INTO CATEGORY (CATEGORYID, NAME) VALUES (CATEGORY_SEQUENCE.nextval, 'Přílohy');
INSERT INTO CATEGORY (CATEGORYID, NAME) VALUES (CATEGORY_SEQUENCE.nextval, 'Alkoholické nápoje');
INSERT INTO CATEGORY (CATEGORYID, NAME) VALUES (CATEGORY_SEQUENCE.nextval, 'Nealkoholické nápoje');



-- predkrmy
INSERT INTO MENU_ITEM (MENU_ITEMID, DESCRIPTION, GRAMMAGE, IN_MENU, NAME, PRICE, PRODUCTION_PRICE, CATEGORY_REFERENCE) VALUES (MENU_ITEM_SEQUENCE.nextval, 'se švestkovým chutney a selským chlebem', '100 g', 1, 'Kuřecí sandwitch', 259, 150, 1);
INSERT INTO MENU_ITEM (MENU_ITEMID, DESCRIPTION, GRAMMAGE, IN_MENU, NAME, PRICE, PRODUCTION_PRICE, CATEGORY_REFERENCE) VALUES (MENU_ITEM_SEQUENCE.nextval, 's jablečným chutney a perníkovým chlebem', '100 g', 1, 'Marinované Foie Gras', 339, 170, 1);
INSERT INTO MENU_ITEM (MENU_ITEMID, DESCRIPTION, GRAMMAGE, IN_MENU, NAME, PRICE, PRODUCTION_PRICE, CATEGORY_REFERENCE) VALUES (MENU_ITEM_SEQUENCE.nextval, 's chilli dresinkem', '70 g', 1, 'Tian z krevet a avokáda ', 257, 133, 1);
INSERT INTO MENU_ITEM (MENU_ITEMID, DESCRIPTION, GRAMMAGE, IN_MENU, NAME, PRICE, PRODUCTION_PRICE, CATEGORY_REFERENCE) VALUES (MENU_ITEM_SEQUENCE.nextval, 's waldorfským salátem', '100 g', 1, 'Jazyk z divočáka', 238, 140, 1);
INSERT INTO MENU_ITEM (MENU_ITEMID, DESCRIPTION, GRAMMAGE, IN_MENU, NAME, PRICE, PRODUCTION_PRICE, CATEGORY_REFERENCE) VALUES (MENU_ITEM_SEQUENCE.nextval, 's topinkou ze selského chleba', '80 g', 0, 'Paštika z husích jater', 247, 150, 1);
INSERT INTO MENU_ITEM (MENU_ITEMID, DESCRIPTION, GRAMMAGE, IN_MENU, NAME, PRICE, PRODUCTION_PRICE, CATEGORY_REFERENCE) VALUES (MENU_ITEM_SEQUENCE.nextval, 'se šalotkou, estragonem a lanýžovým žloutkem', '90 g', 1, 'Telecí tartar ', 273, 140, 1);
INSERT INTO MENU_ITEM (MENU_ITEMID, DESCRIPTION, GRAMMAGE, IN_MENU, NAME, PRICE, PRODUCTION_PRICE, CATEGORY_REFERENCE) VALUES (MENU_ITEM_SEQUENCE.nextval, 'marinovaný v červené řepě, se salátem z okurek, ředkviček a fenyklu', '200 g', 1, 'Divoký losos', 263, 155, 1);

-- polevky
INSERT INTO MENU_ITEM (MENU_ITEMID, DESCRIPTION, GRAMMAGE, IN_MENU, NAME, PRICE, PRODUCTION_PRICE, CATEGORY_REFERENCE) VALUES (MENU_ITEM_SEQUENCE.nextval, '', '150 g', 1, 'Francouzská cibulačka', 119, 55, 2);
INSERT INTO MENU_ITEM (MENU_ITEMID, DESCRIPTION, GRAMMAGE, IN_MENU, NAME, PRICE, PRODUCTION_PRICE, CATEGORY_REFERENCE) VALUES (MENU_ITEM_SEQUENCE.nextval, 's játrovými knedlíčky a domácími nudlemi', '150 g', 1, 'Kuřecí vývar', 115, 45, 2);
INSERT INTO MENU_ITEM (MENU_ITEMID, DESCRIPTION, GRAMMAGE, IN_MENU, NAME, PRICE, PRODUCTION_PRICE, CATEGORY_REFERENCE) VALUES (MENU_ITEM_SEQUENCE.nextval, 'se ztraceným vejcem', '150 g', 0, 'Kulajda', 115, 50, 2);

-- salaty
INSERT INTO MENU_ITEM (MENU_ITEMID, DESCRIPTION, GRAMMAGE, IN_MENU, NAME, PRICE, PRODUCTION_PRICE, CATEGORY_REFERENCE) VALUES (MENU_ITEM_SEQUENCE.nextval, 's červenou řepou a levandulovým medem', '200 g', 1, 'Salát se zapečeným kozím sýrem', 249, 133, 3);
INSERT INTO MENU_ITEM (MENU_ITEMID, DESCRIPTION, GRAMMAGE, IN_MENU, NAME, PRICE, PRODUCTION_PRICE, CATEGORY_REFERENCE) VALUES (MENU_ITEM_SEQUENCE.nextval, 's pečenou zeleninou a balsamico dresinkem', '200 g', 1, 'Míchaný salát s uzenou kachnou', 269, 145, 3);
INSERT INTO MENU_ITEM (MENU_ITEMID, DESCRIPTION, GRAMMAGE, IN_MENU, NAME, PRICE, PRODUCTION_PRICE, CATEGORY_REFERENCE) VALUES (MENU_ITEM_SEQUENCE.nextval, 's pomerančovými filátky, ořechy a domácím dresinkem', '200 g', 1, 'Čekankový salát', 227, 145, 3);
INSERT INTO MENU_ITEM (MENU_ITEMID, DESCRIPTION, GRAMMAGE, IN_MENU, NAME, PRICE, PRODUCTION_PRICE, CATEGORY_REFERENCE) VALUES (MENU_ITEM_SEQUENCE.nextval, 's česnekovými krutóny a parmezánem', '200 g', 0, 'Salát Caesar', 229, 120, 3);
INSERT INTO MENU_ITEM (MENU_ITEMID, DESCRIPTION, GRAMMAGE, IN_MENU, NAME, PRICE, PRODUCTION_PRICE, CATEGORY_REFERENCE) VALUES (MENU_ITEM_SEQUENCE.nextval, '', '200 g', 1, 'Porce kuřete na salát', 93, 34, 3);

-- sendvice
INSERT INTO MENU_ITEM (MENU_ITEMID, DESCRIPTION, GRAMMAGE, IN_MENU, NAME, PRICE, PRODUCTION_PRICE, CATEGORY_REFERENCE) VALUES (MENU_ITEM_SEQUENCE.nextval, 's hranolky a slaninou', '300 g', 1, 'Kuřecí Club sandwich', 267, 120, 4);
INSERT INTO MENU_ITEM (MENU_ITEMID, DESCRIPTION, GRAMMAGE, IN_MENU, NAME, PRICE, PRODUCTION_PRICE, CATEGORY_REFERENCE) VALUES (MENU_ITEM_SEQUENCE.nextval, 's čedarem a grilovanou cibulí', '400 g', 1, 'Hamburger „Dvouručák“', 267, 150, 4);
INSERT INTO MENU_ITEM (MENU_ITEMID, DESCRIPTION, GRAMMAGE, IN_MENU, NAME, PRICE, PRODUCTION_PRICE, CATEGORY_REFERENCE) VALUES (MENU_ITEM_SEQUENCE.nextval, 's míchaným salátem nebo hranolky', '300 g', 1, 'Croque Monsieur', 247, 136, 4);

-- Vegetariansky vyber
INSERT INTO MENU_ITEM (MENU_ITEMID, DESCRIPTION, GRAMMAGE, IN_MENU, NAME, PRICE, PRODUCTION_PRICE, CATEGORY_REFERENCE) VALUES (MENU_ITEM_SEQUENCE.nextval, 's rajčaty, bazalkou a ovčím sýrem', '250 g', 1, 'Opékaný lilek', 259, 150, 5);
INSERT INTO MENU_ITEM (MENU_ITEMID, DESCRIPTION, GRAMMAGE, IN_MENU, NAME, PRICE, PRODUCTION_PRICE, CATEGORY_REFERENCE) VALUES (MENU_ITEM_SEQUENCE.nextval, 'se šalvějovou omáčkou', '250 g', 0, 'Tortellini plněné dýní', 269, 155, 5);
INSERT INTO MENU_ITEM (MENU_ITEMID, DESCRIPTION, GRAMMAGE, IN_MENU, NAME, PRICE, PRODUCTION_PRICE, CATEGORY_REFERENCE) VALUES (MENU_ITEM_SEQUENCE.nextval, 'se šampaňskou omáčkou', '250 g', 1, 'Lanýžové gnocchi', 297, 178, 5);


-- hlavni chody
INSERT INTO MENU_ITEM (MENU_ITEMID, DESCRIPTION, GRAMMAGE, IN_MENU, NAME, PRICE, PRODUCTION_PRICE, CATEGORY_REFERENCE) VALUES (MENU_ITEM_SEQUENCE.nextval, 's estragonovou omáčkou a savojskou kapustou', '300 g', 1, 'Kuřecí roláda', 329, 182, 6);
INSERT INTO MENU_ITEM (MENU_ITEMID, DESCRIPTION, GRAMMAGE, IN_MENU, NAME, PRICE, PRODUCTION_PRICE, CATEGORY_REFERENCE) VALUES (MENU_ITEM_SEQUENCE.nextval, 'se zelinovým kuskusem a omáčkou ze sušemých rajčay', '300 g', 1, 'Prsa z kukuřičného kuřete', 195, 150, 6);
INSERT INTO MENU_ITEM (MENU_ITEMID, DESCRIPTION, GRAMMAGE, IN_MENU, NAME, PRICE, PRODUCTION_PRICE, CATEGORY_REFERENCE) VALUES (MENU_ITEM_SEQUENCE.nextval, 'se zeleninou a houbami shiitake', '300 g', 0, 'Teriyaku losos', 389, 200, 6);
INSERT INTO MENU_ITEM (MENU_ITEMID, DESCRIPTION, GRAMMAGE, IN_MENU, NAME, PRICE, PRODUCTION_PRICE, CATEGORY_REFERENCE) VALUES (MENU_ITEM_SEQUENCE.nextval, 's fenyklovou krustou a zeleninovou ratatouille', '300 g', 1, 'Grilovaný tuňák', 427, 205, 6);
INSERT INTO MENU_ITEM (MENU_ITEMID, DESCRIPTION, GRAMMAGE, IN_MENU, NAME, PRICE, PRODUCTION_PRICE, CATEGORY_REFERENCE) VALUES (MENU_ITEM_SEQUENCE.nextval, 's houbovým pyré', '300 g', 1, 'Pečená křepelka Foie Gras', 415, 205, 6);
INSERT INTO MENU_ITEM (MENU_ITEMID, DESCRIPTION, GRAMMAGE, IN_MENU, NAME, PRICE, PRODUCTION_PRICE, CATEGORY_REFERENCE) VALUES (MENU_ITEM_SEQUENCE.nextval, 's omáčkou z brandy a zeleného pepře', '300 g', 0, 'Hanger steak', 449, 235, 6);
INSERT INTO MENU_ITEM (MENU_ITEMID, DESCRIPTION, GRAMMAGE, IN_MENU, NAME, PRICE, PRODUCTION_PRICE, CATEGORY_REFERENCE) VALUES (MENU_ITEM_SEQUENCE.nextval, 's fazolovým ragú a omáčkou z českého česneku', '300 g', 1, 'Iberská vepřová kotleta', 397, 220, 6);
INSERT INTO MENU_ITEM (MENU_ITEMID, DESCRIPTION, GRAMMAGE, IN_MENU, NAME, PRICE, PRODUCTION_PRICE, CATEGORY_REFERENCE) VALUES (MENU_ITEM_SEQUENCE.nextval, 's mandlovými kroketami', '300 g', 1, 'Kanec na šípkách', 359, 185, 6);

-- prilohy
INSERT INTO MENU_ITEM (MENU_ITEMID, DESCRIPTION, GRAMMAGE, IN_MENU, NAME, PRICE, PRODUCTION_PRICE, CATEGORY_REFERENCE) VALUES (MENU_ITEM_SEQUENCE.nextval, '', '150 g', 1, 'Bramborová kaše', 79, 20, 7);
INSERT INTO MENU_ITEM (MENU_ITEMID, DESCRIPTION, GRAMMAGE, IN_MENU, NAME, PRICE, PRODUCTION_PRICE, CATEGORY_REFERENCE) VALUES (MENU_ITEM_SEQUENCE.nextval, '', '150g', 1, 'Bramborové hranolky', 79, 20, 7);
INSERT INTO MENU_ITEM (MENU_ITEMID, DESCRIPTION, GRAMMAGE, IN_MENU, NAME, PRICE, PRODUCTION_PRICE, CATEGORY_REFERENCE) VALUES (MENU_ITEM_SEQUENCE.nextval, '', '150 g', 1, 'Zapékané brambory', 79, 20, 7);
INSERT INTO MENU_ITEM (MENU_ITEMID, DESCRIPTION, GRAMMAGE, IN_MENU, NAME, PRICE, PRODUCTION_PRICE, CATEGORY_REFERENCE) VALUES (MENU_ITEM_SEQUENCE.nextval, '', '150 g', 1, 'Denní nabídka zeleniny', 79, 20, 7);
INSERT INTO MENU_ITEM (MENU_ITEMID, DESCRIPTION, GRAMMAGE, IN_MENU, NAME, PRICE, PRODUCTION_PRICE, CATEGORY_REFERENCE) VALUES (MENU_ITEM_SEQUENCE.nextval, 's domácím dresingem', '150 g', 1, 'Míchaný listový salát', 79, 20, 7);
INSERT INTO MENU_ITEM (MENU_ITEMID, DESCRIPTION, GRAMMAGE, IN_MENU, NAME, PRICE, PRODUCTION_PRICE, CATEGORY_REFERENCE) VALUES (MENU_ITEM_SEQUENCE.nextval, 's koprem a kysanou smetanou', '150 g', 0, 'Okurkový salát', 79, 20, 7);
INSERT INTO MENU_ITEM (MENU_ITEMID, DESCRIPTION, GRAMMAGE, IN_MENU, NAME, PRICE, PRODUCTION_PRICE, CATEGORY_REFERENCE) VALUES (MENU_ITEM_SEQUENCE.nextval, 's cibulí a kerblékem', '150 g', 0, 'Rajčatový salát', 79, 20, 7);
INSERT INTO MENU_ITEM (MENU_ITEMID, DESCRIPTION, GRAMMAGE, IN_MENU, NAME, PRICE, PRODUCTION_PRICE, CATEGORY_REFERENCE) VALUES (MENU_ITEM_SEQUENCE.nextval, 's pomazánkou', '150 g', 1, 'Košík pečiva', 49, 10, 7);


-- Alkoholicke napoje
INSERT INTO MENU_ITEM (MENU_ITEMID, DESCRIPTION, GRAMMAGE, IN_MENU, NAME, PRICE, PRODUCTION_PRICE, CATEGORY_REFERENCE) VALUES (MENU_ITEM_SEQUENCE.nextval, '', '0,30 l', 1, 'Pilsner Urquell', 59, 10, 8);
INSERT INTO MENU_ITEM (MENU_ITEMID, DESCRIPTION, GRAMMAGE, IN_MENU, NAME, PRICE, PRODUCTION_PRICE, CATEGORY_REFERENCE) VALUES (MENU_ITEM_SEQUENCE.nextval, '', '0,50 l', 1, 'Pilsner Urquell', 69, 15, 8);
INSERT INTO MENU_ITEM (MENU_ITEMID, DESCRIPTION, GRAMMAGE, IN_MENU, NAME, PRICE, PRODUCTION_PRICE, CATEGORY_REFERENCE) VALUES (MENU_ITEM_SEQUENCE.nextval, '', '0,30 l', 0, 'Kozel', 49, 10, 8);
INSERT INTO MENU_ITEM (MENU_ITEMID, DESCRIPTION, GRAMMAGE, IN_MENU, NAME, PRICE, PRODUCTION_PRICE, CATEGORY_REFERENCE) VALUES (MENU_ITEM_SEQUENCE.nextval, '', '0,50 l', 1, 'Kozel', 59, 10, 8);
INSERT INTO MENU_ITEM (MENU_ITEMID, DESCRIPTION, GRAMMAGE, IN_MENU, NAME, PRICE, PRODUCTION_PRICE, CATEGORY_REFERENCE) VALUES (MENU_ITEM_SEQUENCE.nextval, '', '0,35 l', 1, 'Víno', 49, 10, 8);
INSERT INTO MENU_ITEM (MENU_ITEMID, DESCRIPTION, GRAMMAGE, IN_MENU, NAME, PRICE, PRODUCTION_PRICE, CATEGORY_REFERENCE) VALUES (MENU_ITEM_SEQUENCE.nextval, 'bezlepkové', '0,50 l', 1, 'Bernard', 49, 10, 8);


-- Nealkoholicke napoje
INSERT INTO MENU_ITEM (MENU_ITEMID, DESCRIPTION, GRAMMAGE, IN_MENU, NAME, PRICE, PRODUCTION_PRICE, CATEGORY_REFERENCE) VALUES (MENU_ITEM_SEQUENCE.nextval, '', '1 l', 1, 'Džbán vody s citronem', 25, 1, 9);
INSERT INTO MENU_ITEM (MENU_ITEMID, DESCRIPTION, GRAMMAGE, IN_MENU, NAME, PRICE, PRODUCTION_PRICE, CATEGORY_REFERENCE) VALUES (MENU_ITEM_SEQUENCE.nextval, '', '0,25 l', 0, 'Čerstvý džus', 45, 10, 9);
INSERT INTO MENU_ITEM (MENU_ITEMID, DESCRIPTION, GRAMMAGE, IN_MENU, NAME, PRICE, PRODUCTION_PRICE, CATEGORY_REFERENCE) VALUES (MENU_ITEM_SEQUENCE.nextval, '', '0,4 l', 1, 'Čerstvý džus', 55, 10, 9);
INSERT INTO MENU_ITEM (MENU_ITEMID, DESCRIPTION, GRAMMAGE, IN_MENU, NAME, PRICE, PRODUCTION_PRICE, CATEGORY_REFERENCE) VALUES (MENU_ITEM_SEQUENCE.nextval, '', '0,5 l', 1, 'Birrel', 45, 10, 9);
INSERT INTO MENU_ITEM (MENU_ITEMID, DESCRIPTION, GRAMMAGE, IN_MENU, NAME, PRICE, PRODUCTION_PRICE, CATEGORY_REFERENCE) VALUES (MENU_ITEM_SEQUENCE.nextval, '', '0,5 l ', 0, 'Birrel polotmavý', 55, 15, 9);
INSERT INTO MENU_ITEM (MENU_ITEMID, DESCRIPTION, GRAMMAGE, IN_MENU, NAME, PRICE, PRODUCTION_PRICE, CATEGORY_REFERENCE) VALUES (MENU_ITEM_SEQUENCE.nextval, '', '0,3 l', 1, 'Kofola', 35, 10, 9);
INSERT INTO MENU_ITEM (MENU_ITEMID, DESCRIPTION, GRAMMAGE, IN_MENU, NAME, PRICE, PRODUCTION_PRICE, CATEGORY_REFERENCE) VALUES (MENU_ITEM_SEQUENCE.nextval, '', '0,5 l', 1, 'Kofola', 45, 18, 9);


INSERT INTO PLACE_OF_RESERVATION(PLACEID, NUMBER_OF_SEATS, TYPE) VALUES (PLACE_SEQUENCE.nextval, 4, 'TABLE');
INSERT INTO PLACE_OF_RESERVATION(PLACEID, NUMBER_OF_SEATS, TYPE) VALUES (PLACE_SEQUENCE.nextval, 4, 'TABLE');
INSERT INTO PLACE_OF_RESERVATION(PLACEID, NUMBER_OF_SEATS, TYPE) VALUES (PLACE_SEQUENCE.nextval, 4, 'TABLE');
INSERT INTO PLACE_OF_RESERVATION(PLACEID, NUMBER_OF_SEATS, TYPE) VALUES (PLACE_SEQUENCE.nextval, 4, 'TABLE');
INSERT INTO PLACE_OF_RESERVATION(PLACEID, NUMBER_OF_SEATS, TYPE) VALUES (PLACE_SEQUENCE.nextval, 4, 'TABLE');
INSERT INTO PLACE_OF_RESERVATION(PLACEID, NUMBER_OF_SEATS, TYPE) VALUES (PLACE_SEQUENCE.nextval, 4, 'TABLE');
INSERT INTO PLACE_OF_RESERVATION(PLACEID, NUMBER_OF_SEATS, TYPE) VALUES (PLACE_SEQUENCE.nextval, 4, 'TABLE');
INSERT INTO PLACE_OF_RESERVATION(PLACEID, NUMBER_OF_SEATS, TYPE) VALUES (PLACE_SEQUENCE.nextval, 6, 'TABLE');
INSERT INTO PLACE_OF_RESERVATION(PLACEID, NUMBER_OF_SEATS, TYPE) VALUES (PLACE_SEQUENCE.nextval, 6, 'TABLE');
INSERT INTO PLACE_OF_RESERVATION(PLACEID, NUMBER_OF_SEATS, TYPE) VALUES (PLACE_SEQUENCE.nextval, 6, 'TABLE');
INSERT INTO PLACE_OF_RESERVATION(PLACEID, NUMBER_OF_SEATS, TYPE) VALUES (PLACE_SEQUENCE.nextval, 6, 'TABLE');
INSERT INTO PLACE_OF_RESERVATION(PLACEID, NUMBER_OF_SEATS, TYPE) VALUES (PLACE_SEQUENCE.nextval, 6, 'TABLE');
INSERT INTO PLACE_OF_RESERVATION(PLACEID, NUMBER_OF_SEATS, TYPE) VALUES (PLACE_SEQUENCE.nextval, 6, 'TABLE');
INSERT INTO PLACE_OF_RESERVATION(PLACEID, NUMBER_OF_SEATS, TYPE) VALUES (PLACE_SEQUENCE.nextval, 6, 'TABLE');
INSERT INTO PLACE_OF_RESERVATION(PLACEID, NUMBER_OF_SEATS, TYPE) VALUES (PLACE_SEQUENCE.nextval, 6, 'TABLE');
INSERT INTO PLACE_OF_RESERVATION(PLACEID, NUMBER_OF_SEATS, TYPE) VALUES (PLACE_SEQUENCE.nextval, 6, 'TABLE');
INSERT INTO PLACE_OF_RESERVATION(PLACEID, NUMBER_OF_SEATS, TYPE) VALUES (PLACE_SEQUENCE.nextval, 8, 'TABLE');
INSERT INTO PLACE_OF_RESERVATION(PLACEID, NUMBER_OF_SEATS, TYPE) VALUES (PLACE_SEQUENCE.nextval, 8, 'TABLE');
INSERT INTO PLACE_OF_RESERVATION(PLACEID, NUMBER_OF_SEATS, TYPE) VALUES (PLACE_SEQUENCE.nextval, 8, 'TABLE');
INSERT INTO PLACE_OF_RESERVATION(PLACEID, NUMBER_OF_SEATS, TYPE) VALUES (PLACE_SEQUENCE.nextval, 18, 'LOUNGE');
INSERT INTO PLACE_OF_RESERVATION(PLACEID, NUMBER_OF_SEATS, TYPE) VALUES (PLACE_SEQUENCE.nextval, 40, 'LOUNGE');



-- reservations
INSERT INTO RESERVATION (RESERVATIONID, CODE_FOR_DELETE, END_OF_RESERVATION_DATE, EXPECTED_NUMBER_OF_GUESTS, START_OF_RESERVATION_DATE, STATE, PLACE_OF_RESERVATION_REFERENCE, USER_REFERENCE) VALUES (RESERVATION_SEQUENCE.nextval, '=6D_Lxtggm', TO_TIMESTAMP('2020-04-24 15:00:00.000000', 'YYYY-MM-DD HH24:MI:SS.FF6'), 6, TO_TIMESTAMP('2020-04-24 11:00:00.000000', 'YYYY-MM-DD HH24:MI:SS.FF6'), 'APPROVED', 17, 10);
INSERT INTO RESERVATION (RESERVATIONID, CODE_FOR_DELETE, END_OF_RESERVATION_DATE, EXPECTED_NUMBER_OF_GUESTS, START_OF_RESERVATION_DATE, STATE, PLACE_OF_RESERVATION_REFERENCE, USER_REFERENCE) VALUES (RESERVATION_SEQUENCE.nextval, 'PcE>jrh:YP', TO_TIMESTAMP('2020-04-24 14:20:00.000000', 'YYYY-MM-DD HH24:MI:SS.FF6'), 4, TO_TIMESTAMP('2020-04-24 11:20:00.000000', 'YYYY-MM-DD HH24:MI:SS.FF6'), 'APPROVED', 2, 10);
INSERT INTO RESERVATION (RESERVATIONID, CODE_FOR_DELETE, END_OF_RESERVATION_DATE, EXPECTED_NUMBER_OF_GUESTS, START_OF_RESERVATION_DATE, STATE, PLACE_OF_RESERVATION_REFERENCE, USER_REFERENCE) VALUES (RESERVATION_SEQUENCE.nextval, 'k@G??C75Nt', TO_TIMESTAMP('2020-04-24 14:00:00.000000', 'YYYY-MM-DD HH24:MI:SS.FF6'), 4, TO_TIMESTAMP('2020-04-24 10:00:00.000000', 'YYYY-MM-DD HH24:MI:SS.FF6'), 'APPROVED', 6, 11);
INSERT INTO RESERVATION (RESERVATIONID, CODE_FOR_DELETE, END_OF_RESERVATION_DATE, EXPECTED_NUMBER_OF_GUESTS, START_OF_RESERVATION_DATE, STATE, PLACE_OF_RESERVATION_REFERENCE, USER_REFERENCE) VALUES (RESERVATION_SEQUENCE.nextval, 'J:k[IpdUwe', TO_TIMESTAMP('2020-04-24 18:00:00.000000', 'YYYY-MM-DD HH24:MI:SS.FF6'), 6, TO_TIMESTAMP('2020-04-24 14:00:00.000000', 'YYYY-MM-DD HH24:MI:SS.FF6'), 'APPROVED', 8, 12);
INSERT INTO RESERVATION (RESERVATIONID, CODE_FOR_DELETE, END_OF_RESERVATION_DATE, EXPECTED_NUMBER_OF_GUESTS, START_OF_RESERVATION_DATE, STATE, PLACE_OF_RESERVATION_REFERENCE, USER_REFERENCE) VALUES (RESERVATION_SEQUENCE.nextval, '[D[Ffk_vbV', TO_TIMESTAMP('2020-04-24 17:00:00.000000', 'YYYY-MM-DD HH24:MI:SS.FF6'), 8, TO_TIMESTAMP('2020-04-24 13:00:00.000000', 'YYYY-MM-DD HH24:MI:SS.FF6'), 'APPROVED', 19, 13);
INSERT INTO RESERVATION (RESERVATIONID, CODE_FOR_DELETE, END_OF_RESERVATION_DATE, EXPECTED_NUMBER_OF_GUESTS, START_OF_RESERVATION_DATE, STATE, PLACE_OF_RESERVATION_REFERENCE, USER_REFERENCE) VALUES (RESERVATION_SEQUENCE.nextval, 'TgfdIpFqHH', TO_TIMESTAMP('2020-04-24 13:00:00.000000', 'YYYY-MM-DD HH24:MI:SS.FF6'), 4, TO_TIMESTAMP('2020-04-24 10:00:00.000000', 'YYYY-MM-DD HH24:MI:SS.FF6'), 'APPROVED', 3, 14);
INSERT INTO RESERVATION (RESERVATIONID, CODE_FOR_DELETE, END_OF_RESERVATION_DATE, EXPECTED_NUMBER_OF_GUESTS, START_OF_RESERVATION_DATE, STATE, PLACE_OF_RESERVATION_REFERENCE, USER_REFERENCE) VALUES (RESERVATION_SEQUENCE.nextval, 'lEPf^y[j_R', TO_TIMESTAMP('2020-04-24 13:30:00.000000', 'YYYY-MM-DD HH24:MI:SS.FF6'), 4, TO_TIMESTAMP('2020-04-24 10:30:00.000000', 'YYYY-MM-DD HH24:MI:SS.FF6'), 'APPROVED', 1, 15);


-- RECEIPTS
INSERT INTO RECEIPT (RECEIPTID, CREATED_AT) VALUES (RECEIPT_SEQUENCE.nextval, TO_TIMESTAMP('2020-03-15 10:26:12.000000', 'YYYY-MM-DD HH24:MI:SS.FF6'));
INSERT INTO RECEIPT (RECEIPTID, CREATED_AT) VALUES (RECEIPT_SEQUENCE.nextval, TO_TIMESTAMP('2020-03-15 10:26:21.000000', 'YYYY-MM-DD HH24:MI:SS.FF6'));
INSERT INTO RECEIPT (RECEIPTID, CREATED_AT) VALUES (RECEIPT_SEQUENCE.nextval, TO_TIMESTAMP('2020-03-15 10:26:32.000000', 'YYYY-MM-DD HH24:MI:SS.FF6'));
INSERT INTO RECEIPT (RECEIPTID, CREATED_AT) VALUES (RECEIPT_SEQUENCE.nextval, TO_TIMESTAMP('2020-03-15 10:26:54.000000', 'YYYY-MM-DD HH24:MI:SS.FF6'));
INSERT INTO RECEIPT (RECEIPTID, CREATED_AT) VALUES (RECEIPT_SEQUENCE.nextval, TO_TIMESTAMP('2020-03-15 10:27:01.000000', 'YYYY-MM-DD HH24:MI:SS.FF6'));
INSERT INTO RECEIPT (RECEIPTID, CREATED_AT) VALUES (RECEIPT_SEQUENCE.nextval, TO_TIMESTAMP('2020-03-15 10:27:16.000000', 'YYYY-MM-DD HH24:MI:SS.FF6'));


-- -- Order Items

INSERT INTO ORDER_ITEM (ORDER_ITEMID, CREATED_AT, SPECIAL_REQUIREMENT, STATE, MENU_ITEM_REFERENCE, PLACE_OF_RESERVATION_REFERENCE, RECEIPT_REFERENCE) VALUES (ORDER_SEQUENCE.nextval, TO_TIMESTAMP('2019-06-22 10:20:31.497000', 'YYYY-MM-DD HH24:MI:SS.FF6'), null, 'PAID', 42, 1, 2);
INSERT INTO ORDER_ITEM (ORDER_ITEMID, CREATED_AT, SPECIAL_REQUIREMENT, STATE, MENU_ITEM_REFERENCE, PLACE_OF_RESERVATION_REFERENCE, RECEIPT_REFERENCE) VALUES (ORDER_SEQUENCE.nextval, TO_TIMESTAMP('2019-07-20 11:20:32.599000', 'YYYY-MM-DD HH24:MI:SS.FF6'), null, 'PAID', 23, 1, 2);
INSERT INTO ORDER_ITEM (ORDER_ITEMID, CREATED_AT, SPECIAL_REQUIREMENT, STATE, MENU_ITEM_REFERENCE, PLACE_OF_RESERVATION_REFERENCE, RECEIPT_REFERENCE) VALUES (ORDER_SEQUENCE.nextval, TO_TIMESTAMP('2019-08-11 11:20:33.385000', 'YYYY-MM-DD HH24:MI:SS.FF6'), null, 'PAID', 25, 1, 2);
INSERT INTO ORDER_ITEM (ORDER_ITEMID, CREATED_AT, SPECIAL_REQUIREMENT, STATE, MENU_ITEM_REFERENCE, PLACE_OF_RESERVATION_REFERENCE, RECEIPT_REFERENCE) VALUES (ORDER_SEQUENCE.nextval, TO_TIMESTAMP('2020-02-22 11:20:33.840000', 'YYYY-MM-DD HH24:MI:SS.FF6'), null, 'PAID', 28, 1, 2);
INSERT INTO ORDER_ITEM (ORDER_ITEMID, CREATED_AT, SPECIAL_REQUIREMENT, STATE, MENU_ITEM_REFERENCE, PLACE_OF_RESERVATION_REFERENCE, RECEIPT_REFERENCE) VALUES (ORDER_SEQUENCE.nextval, TO_TIMESTAMP('2019-12-11 12:20:35.206000', 'YYYY-MM-DD HH24:MI:SS.FF6'), null, 'PAID', 29, 1, 2);
INSERT INTO ORDER_ITEM (ORDER_ITEMID, CREATED_AT, SPECIAL_REQUIREMENT, STATE, MENU_ITEM_REFERENCE, PLACE_OF_RESERVATION_REFERENCE, RECEIPT_REFERENCE) VALUES (ORDER_SEQUENCE.nextval, TO_TIMESTAMP('2020-02-11 13:20:36.027000', 'YYYY-MM-DD HH24:MI:SS.FF6'), null, 'PAID', 44, 1, 2);
INSERT INTO ORDER_ITEM (ORDER_ITEMID, CREATED_AT, SPECIAL_REQUIREMENT, STATE, MENU_ITEM_REFERENCE, PLACE_OF_RESERVATION_REFERENCE, RECEIPT_REFERENCE) VALUES (ORDER_SEQUENCE.nextval, TO_TIMESTAMP('2020-01-05 13:20:36.665000', 'YYYY-MM-DD HH24:MI:SS.FF6'), null, 'PAID', 47, 1, 2);
INSERT INTO ORDER_ITEM (ORDER_ITEMID, CREATED_AT, SPECIAL_REQUIREMENT, STATE, MENU_ITEM_REFERENCE, PLACE_OF_RESERVATION_REFERENCE, RECEIPT_REFERENCE) VALUES (ORDER_SEQUENCE.nextval, TO_TIMESTAMP('2020-04-02 13:20:37.050000', 'YYYY-MM-DD HH24:MI:SS.FF6'), null, 'PAID', 49, 1, 2);
INSERT INTO ORDER_ITEM (ORDER_ITEMID, CREATED_AT, SPECIAL_REQUIREMENT, STATE, MENU_ITEM_REFERENCE, PLACE_OF_RESERVATION_REFERENCE, RECEIPT_REFERENCE) VALUES (ORDER_SEQUENCE.nextval, TO_TIMESTAMP('2020-04-14 11:20:38.228000', 'YYYY-MM-DD HH24:MI:SS.FF6'), null, 'PAID', 8, 1, 2);
INSERT INTO ORDER_ITEM (ORDER_ITEMID, CREATED_AT, SPECIAL_REQUIREMENT, STATE, MENU_ITEM_REFERENCE, PLACE_OF_RESERVATION_REFERENCE, RECEIPT_REFERENCE) VALUES (ORDER_SEQUENCE.nextval, TO_TIMESTAMP('2019-12-20 13:20:40.679000', 'YYYY-MM-DD HH24:MI:SS.FF6'), null, 'PAID', 4, 1, 2);
INSERT INTO ORDER_ITEM (ORDER_ITEMID, CREATED_AT, SPECIAL_REQUIREMENT, STATE, MENU_ITEM_REFERENCE, PLACE_OF_RESERVATION_REFERENCE, RECEIPT_REFERENCE) VALUES (ORDER_SEQUENCE.nextval, TO_TIMESTAMP('2020-02-14 13:20:41.045000', 'YYYY-MM-DD HH24:MI:SS.FF6'), null, 'PAID', 3, 1, 2);
INSERT INTO ORDER_ITEM (ORDER_ITEMID, CREATED_AT, SPECIAL_REQUIREMENT, STATE, MENU_ITEM_REFERENCE, PLACE_OF_RESERVATION_REFERENCE, RECEIPT_REFERENCE) VALUES (ORDER_SEQUENCE.nextval, TO_TIMESTAMP('2019-09-10 14:20:41.955000', 'YYYY-MM-DD HH24:MI:SS.FF6'), null, 'PAID', 32, 1, 2);
INSERT INTO ORDER_ITEM (ORDER_ITEMID, CREATED_AT, SPECIAL_REQUIREMENT, STATE, MENU_ITEM_REFERENCE, PLACE_OF_RESERVATION_REFERENCE, RECEIPT_REFERENCE) VALUES (ORDER_SEQUENCE.nextval, TO_TIMESTAMP('2019-09-22 13:20:43.041000', 'YYYY-MM-DD HH24:MI:SS.FF6'), null, 'PAID', 33, 1, 2);
INSERT INTO ORDER_ITEM (ORDER_ITEMID, CREATED_AT, SPECIAL_REQUIREMENT, STATE, MENU_ITEM_REFERENCE, PLACE_OF_RESERVATION_REFERENCE, RECEIPT_REFERENCE) VALUES (ORDER_SEQUENCE.nextval, TO_TIMESTAMP('2020-04-14 13:20:43.520000', 'YYYY-MM-DD HH24:MI:SS.FF6'), null, 'PAID', 31, 1, 2);
INSERT INTO ORDER_ITEM (ORDER_ITEMID, CREATED_AT, SPECIAL_REQUIREMENT, STATE, MENU_ITEM_REFERENCE, PLACE_OF_RESERVATION_REFERENCE, RECEIPT_REFERENCE) VALUES (ORDER_SEQUENCE.nextval, TO_TIMESTAMP('2020-04-13 19:20:43.968000', 'YYYY-MM-DD HH24:MI:SS.FF6'), null, 'PAID', 30, 1, 2);
INSERT INTO ORDER_ITEM (ORDER_ITEMID, CREATED_AT, SPECIAL_REQUIREMENT, STATE, MENU_ITEM_REFERENCE, PLACE_OF_RESERVATION_REFERENCE, RECEIPT_REFERENCE) VALUES (ORDER_SEQUENCE.nextval, TO_TIMESTAMP('2020-04-14 20:20:46.282000', 'YYYY-MM-DD HH24:MI:SS.FF6'), null, 'PAID', 11, 1, 2);
INSERT INTO ORDER_ITEM (ORDER_ITEMID, CREATED_AT, SPECIAL_REQUIREMENT, STATE, MENU_ITEM_REFERENCE, PLACE_OF_RESERVATION_REFERENCE, RECEIPT_REFERENCE) VALUES (ORDER_SEQUENCE.nextval, TO_TIMESTAMP('2019-06-18 15:20:46.644000', 'YYYY-MM-DD HH24:MI:SS.FF6'), null, 'PAID', 11, 1, 2);
INSERT INTO ORDER_ITEM (ORDER_ITEMID, CREATED_AT, SPECIAL_REQUIREMENT, STATE, MENU_ITEM_REFERENCE, PLACE_OF_RESERVATION_REFERENCE, RECEIPT_REFERENCE) VALUES (ORDER_SEQUENCE.nextval, TO_TIMESTAMP('2019-06-05 16:20:47.958000', 'YYYY-MM-DD HH24:MI:SS.FF6'), null, 'PAID', 17, 1, 2);
INSERT INTO ORDER_ITEM (ORDER_ITEMID, CREATED_AT, SPECIAL_REQUIREMENT, STATE, MENU_ITEM_REFERENCE, PLACE_OF_RESERVATION_REFERENCE, RECEIPT_REFERENCE) VALUES (ORDER_SEQUENCE.nextval, TO_TIMESTAMP('2019-09-04 19:20:59.621000', 'YYYY-MM-DD HH24:MI:SS.FF6'), null, 'PAID', 22, 3, 1);
INSERT INTO ORDER_ITEM (ORDER_ITEMID, CREATED_AT, SPECIAL_REQUIREMENT, STATE, MENU_ITEM_REFERENCE, PLACE_OF_RESERVATION_REFERENCE, RECEIPT_REFERENCE) VALUES (ORDER_SEQUENCE.nextval, TO_TIMESTAMP('2019-11-30 13:20:59.975000', 'YYYY-MM-DD HH24:MI:SS.FF6'), null, 'PAID', 25, 3, 1);
INSERT INTO ORDER_ITEM (ORDER_ITEMID, CREATED_AT, SPECIAL_REQUIREMENT, STATE, MENU_ITEM_REFERENCE, PLACE_OF_RESERVATION_REFERENCE, RECEIPT_REFERENCE) VALUES (ORDER_SEQUENCE.nextval, TO_TIMESTAMP('2019-12-30 13:21:00.549000', 'YYYY-MM-DD HH24:MI:SS.FF6'), null, 'PAID', 43, 3, 1);
INSERT INTO ORDER_ITEM (ORDER_ITEMID, CREATED_AT, SPECIAL_REQUIREMENT, STATE, MENU_ITEM_REFERENCE, PLACE_OF_RESERVATION_REFERENCE, RECEIPT_REFERENCE) VALUES (ORDER_SEQUENCE.nextval, TO_TIMESTAMP('2019-07-14 13:21:01.178000', 'YYYY-MM-DD HH24:MI:SS.FF6'), null, 'PAID', 42, 3, 1);
INSERT INTO ORDER_ITEM (ORDER_ITEMID, CREATED_AT, SPECIAL_REQUIREMENT, STATE, MENU_ITEM_REFERENCE, PLACE_OF_RESERVATION_REFERENCE, RECEIPT_REFERENCE) VALUES (ORDER_SEQUENCE.nextval, TO_TIMESTAMP('2019-06-14 13:21:03.301000', 'YYYY-MM-DD HH24:MI:SS.FF6'), null, 'PAID', 9, 3, 1);
INSERT INTO ORDER_ITEM (ORDER_ITEMID, CREATED_AT, SPECIAL_REQUIREMENT, STATE, MENU_ITEM_REFERENCE, PLACE_OF_RESERVATION_REFERENCE, RECEIPT_REFERENCE) VALUES (ORDER_SEQUENCE.nextval, TO_TIMESTAMP('2019-06-11 14:21:03.893000', 'YYYY-MM-DD HH24:MI:SS.FF6'), null, 'PAID', 9, 3, 1);
INSERT INTO ORDER_ITEM (ORDER_ITEMID, CREATED_AT, SPECIAL_REQUIREMENT, STATE, MENU_ITEM_REFERENCE, PLACE_OF_RESERVATION_REFERENCE, RECEIPT_REFERENCE) VALUES (ORDER_SEQUENCE.nextval, TO_TIMESTAMP('2020-03-24 14:21:17.621000', 'YYYY-MM-DD HH24:MI:SS.FF6'), null, 'PAID', 30, 3, 1);
INSERT INTO ORDER_ITEM (ORDER_ITEMID, CREATED_AT, SPECIAL_REQUIREMENT, STATE, MENU_ITEM_REFERENCE, PLACE_OF_RESERVATION_REFERENCE, RECEIPT_REFERENCE) VALUES (ORDER_SEQUENCE.nextval, TO_TIMESTAMP('2019-06-26 14:21:14.020000', 'YYYY-MM-DD HH24:MI:SS.FF6'), null, 'PAID', 2, 3, 1);
INSERT INTO ORDER_ITEM (ORDER_ITEMID, CREATED_AT, SPECIAL_REQUIREMENT, STATE, MENU_ITEM_REFERENCE, PLACE_OF_RESERVATION_REFERENCE, RECEIPT_REFERENCE) VALUES (ORDER_SEQUENCE.nextval, TO_TIMESTAMP('2019-05-10 14:21:15.493000', 'YYYY-MM-DD HH24:MI:SS.FF6'), null, 'PAID', 6, 3, 1);
INSERT INTO ORDER_ITEM (ORDER_ITEMID, CREATED_AT, SPECIAL_REQUIREMENT, STATE, MENU_ITEM_REFERENCE, PLACE_OF_RESERVATION_REFERENCE, RECEIPT_REFERENCE) VALUES (ORDER_SEQUENCE.nextval, TO_TIMESTAMP('2019-05-11 15:21:17.971000', 'YYYY-MM-DD HH24:MI:SS.FF6'), null, 'PAID', 30, 3, 1);
INSERT INTO ORDER_ITEM (ORDER_ITEMID, CREATED_AT, SPECIAL_REQUIREMENT, STATE, MENU_ITEM_REFERENCE, PLACE_OF_RESERVATION_REFERENCE, RECEIPT_REFERENCE) VALUES (ORDER_SEQUENCE.nextval, TO_TIMESTAMP('2020-02-20 15:21:28.094000', 'YYYY-MM-DD HH24:MI:SS.FF6'), null, 'PAID', 38, 11, 3);
INSERT INTO ORDER_ITEM (ORDER_ITEMID, CREATED_AT, SPECIAL_REQUIREMENT, STATE, MENU_ITEM_REFERENCE, PLACE_OF_RESERVATION_REFERENCE, RECEIPT_REFERENCE) VALUES (ORDER_SEQUENCE.nextval, TO_TIMESTAMP('2020-02-20 16:21:28.506000', 'YYYY-MM-DD HH24:MI:SS.FF6'), null, 'PAID', 38, 11, 3);
INSERT INTO ORDER_ITEM (ORDER_ITEMID, CREATED_AT, SPECIAL_REQUIREMENT, STATE, MENU_ITEM_REFERENCE, PLACE_OF_RESERVATION_REFERENCE, RECEIPT_REFERENCE) VALUES (ORDER_SEQUENCE.nextval, TO_TIMESTAMP('2020-01-20 16:21:28.890000', 'YYYY-MM-DD HH24:MI:SS.FF6'), null, 'PAID', 38, 11, 3);
INSERT INTO ORDER_ITEM (ORDER_ITEMID, CREATED_AT, SPECIAL_REQUIREMENT, STATE, MENU_ITEM_REFERENCE, PLACE_OF_RESERVATION_REFERENCE, RECEIPT_REFERENCE) VALUES (ORDER_SEQUENCE.nextval, TO_TIMESTAMP('2020-01-20 17:21:29.310000', 'YYYY-MM-DD HH24:MI:SS.FF6'), null, 'PAID', 42, 11, 3);
INSERT INTO ORDER_ITEM (ORDER_ITEMID, CREATED_AT, SPECIAL_REQUIREMENT, STATE, MENU_ITEM_REFERENCE, PLACE_OF_RESERVATION_REFERENCE, RECEIPT_REFERENCE) VALUES (ORDER_SEQUENCE.nextval, TO_TIMESTAMP('2020-01-20 17:21:29.796000', 'YYYY-MM-DD HH24:MI:SS.FF6'), null, 'PAID', 43, 11, 3);
INSERT INTO ORDER_ITEM (ORDER_ITEMID, CREATED_AT, SPECIAL_REQUIREMENT, STATE, MENU_ITEM_REFERENCE, PLACE_OF_RESERVATION_REFERENCE, RECEIPT_REFERENCE) VALUES (ORDER_SEQUENCE.nextval, TO_TIMESTAMP('2020-01-20 17:21:30.686000', 'YYYY-MM-DD HH24:MI:SS.FF6'), null, 'PAID', 25, 11, 3);
INSERT INTO ORDER_ITEM (ORDER_ITEMID, CREATED_AT, SPECIAL_REQUIREMENT, STATE, MENU_ITEM_REFERENCE, PLACE_OF_RESERVATION_REFERENCE, RECEIPT_REFERENCE) VALUES (ORDER_SEQUENCE.nextval, TO_TIMESTAMP('2020-03-20 17:21:30.958000', 'YYYY-MM-DD HH24:MI:SS.FF6'), null, 'PAID', 25, 11, 3);
INSERT INTO ORDER_ITEM (ORDER_ITEMID, CREATED_AT, SPECIAL_REQUIREMENT, STATE, MENU_ITEM_REFERENCE, PLACE_OF_RESERVATION_REFERENCE, RECEIPT_REFERENCE) VALUES (ORDER_SEQUENCE.nextval, TO_TIMESTAMP('2020-01-20 17:21:31.467000', 'YYYY-MM-DD HH24:MI:SS.FF6'), null, 'PAID', 25, 11, 3);
INSERT INTO ORDER_ITEM (ORDER_ITEMID, CREATED_AT, SPECIAL_REQUIREMENT, STATE, MENU_ITEM_REFERENCE, PLACE_OF_RESERVATION_REFERENCE, RECEIPT_REFERENCE) VALUES (ORDER_SEQUENCE.nextval, TO_TIMESTAMP('2020-01-20 19:21:31.708000', 'YYYY-MM-DD HH24:MI:SS.FF6'), null, 'PAID', 25, 11, 3);
INSERT INTO ORDER_ITEM (ORDER_ITEMID, CREATED_AT, SPECIAL_REQUIREMENT, STATE, MENU_ITEM_REFERENCE, PLACE_OF_RESERVATION_REFERENCE, RECEIPT_REFERENCE) VALUES (ORDER_SEQUENCE.nextval, TO_TIMESTAMP('2020-01-20 19:21:32.262000', 'YYYY-MM-DD HH24:MI:SS.FF6'), null, 'PAID', 28, 11, 3);
INSERT INTO ORDER_ITEM (ORDER_ITEMID, CREATED_AT, SPECIAL_REQUIREMENT, STATE, MENU_ITEM_REFERENCE, PLACE_OF_RESERVATION_REFERENCE, RECEIPT_REFERENCE) VALUES (ORDER_SEQUENCE.nextval, TO_TIMESTAMP('2020-03-20 18:21:33.871000', 'YYYY-MM-DD HH24:MI:SS.FF6'), null, 'PAID', 47, 11, 3);
INSERT INTO ORDER_ITEM (ORDER_ITEMID, CREATED_AT, SPECIAL_REQUIREMENT, STATE, MENU_ITEM_REFERENCE, PLACE_OF_RESERVATION_REFERENCE, RECEIPT_REFERENCE) VALUES (ORDER_SEQUENCE.nextval, TO_TIMESTAMP('2020-01-20 18:21:35.230000', 'YYYY-MM-DD HH24:MI:SS.FF6'), null, 'PAID', 8, 11, 3);
INSERT INTO ORDER_ITEM (ORDER_ITEMID, CREATED_AT, SPECIAL_REQUIREMENT, STATE, MENU_ITEM_REFERENCE, PLACE_OF_RESERVATION_REFERENCE, RECEIPT_REFERENCE) VALUES (ORDER_SEQUENCE.nextval, TO_TIMESTAMP('2020-01-20 18:21:35.492000', 'YYYY-MM-DD HH24:MI:SS.FF6'), null, 'PAID', 8, 11, 3);
INSERT INTO ORDER_ITEM (ORDER_ITEMID, CREATED_AT, SPECIAL_REQUIREMENT, STATE, MENU_ITEM_REFERENCE, PLACE_OF_RESERVATION_REFERENCE, RECEIPT_REFERENCE) VALUES (ORDER_SEQUENCE.nextval, TO_TIMESTAMP('2020-03-20 18:21:35.766000', 'YYYY-MM-DD HH24:MI:SS.FF6'), null, 'PAID', 8, 11, 3);
INSERT INTO ORDER_ITEM (ORDER_ITEMID, CREATED_AT, SPECIAL_REQUIREMENT, STATE, MENU_ITEM_REFERENCE, PLACE_OF_RESERVATION_REFERENCE, RECEIPT_REFERENCE) VALUES (ORDER_SEQUENCE.nextval, TO_TIMESTAMP('2020-02-20 18:21:36.014000', 'YYYY-MM-DD HH24:MI:SS.FF6'), null, 'PAID', 8, 11, 3);
INSERT INTO ORDER_ITEM (ORDER_ITEMID, CREATED_AT, SPECIAL_REQUIREMENT, STATE, MENU_ITEM_REFERENCE, PLACE_OF_RESERVATION_REFERENCE, RECEIPT_REFERENCE) VALUES (ORDER_SEQUENCE.nextval, TO_TIMESTAMP('2019-07-20 18:21:36.291000', 'YYYY-MM-DD HH24:MI:SS.FF6'), null, 'PAID', 8, 11, 3);
INSERT INTO ORDER_ITEM (ORDER_ITEMID, CREATED_AT, SPECIAL_REQUIREMENT, STATE, MENU_ITEM_REFERENCE, PLACE_OF_RESERVATION_REFERENCE, RECEIPT_REFERENCE) VALUES (ORDER_SEQUENCE.nextval, TO_TIMESTAMP('2019-07-20 18:21:36.533000', 'YYYY-MM-DD HH24:MI:SS.FF6'), null, 'PAID', 8, 11, 3);
INSERT INTO ORDER_ITEM (ORDER_ITEMID, CREATED_AT, SPECIAL_REQUIREMENT, STATE, MENU_ITEM_REFERENCE, PLACE_OF_RESERVATION_REFERENCE, RECEIPT_REFERENCE) VALUES (ORDER_SEQUENCE.nextval, TO_TIMESTAMP('2019-07-20 19:21:39.216000', 'YYYY-MM-DD HH24:MI:SS.FF6'), null, 'PAID', 30, 11, 3);
INSERT INTO ORDER_ITEM (ORDER_ITEMID, CREATED_AT, SPECIAL_REQUIREMENT, STATE, MENU_ITEM_REFERENCE, PLACE_OF_RESERVATION_REFERENCE, RECEIPT_REFERENCE) VALUES (ORDER_SEQUENCE.nextval, TO_TIMESTAMP('2019-08-20 20:21:39.734000', 'YYYY-MM-DD HH24:MI:SS.FF6'), null, 'PAID', 31, 11, 3);
INSERT INTO ORDER_ITEM (ORDER_ITEMID, CREATED_AT, SPECIAL_REQUIREMENT, STATE, MENU_ITEM_REFERENCE, PLACE_OF_RESERVATION_REFERENCE, RECEIPT_REFERENCE) VALUES (ORDER_SEQUENCE.nextval, TO_TIMESTAMP('2019-08-20 20:21:40.214000', 'YYYY-MM-DD HH24:MI:SS.FF6'), null, 'PAID', 32, 11, 3);
INSERT INTO ORDER_ITEM (ORDER_ITEMID, CREATED_AT, SPECIAL_REQUIREMENT, STATE, MENU_ITEM_REFERENCE, PLACE_OF_RESERVATION_REFERENCE, RECEIPT_REFERENCE) VALUES (ORDER_SEQUENCE.nextval, TO_TIMESTAMP('2019-09-20 20:21:40.636000', 'YYYY-MM-DD HH24:MI:SS.FF6'), null, 'PAID', 31, 11, 3);
INSERT INTO ORDER_ITEM (ORDER_ITEMID, CREATED_AT, SPECIAL_REQUIREMENT, STATE, MENU_ITEM_REFERENCE, PLACE_OF_RESERVATION_REFERENCE, RECEIPT_REFERENCE) VALUES (ORDER_SEQUENCE.nextval, TO_TIMESTAMP('2020-02-20 20:21:41.241000', 'YYYY-MM-DD HH24:MI:SS.FF6'), null, 'PAID', 31, 11, 3);
INSERT INTO ORDER_ITEM (ORDER_ITEMID, CREATED_AT, SPECIAL_REQUIREMENT, STATE, MENU_ITEM_REFERENCE, PLACE_OF_RESERVATION_REFERENCE, RECEIPT_REFERENCE) VALUES (ORDER_SEQUENCE.nextval, TO_TIMESTAMP('2020-02-20 21:21:41.786000', 'YYYY-MM-DD HH24:MI:SS.FF6'), null, 'PAID', 32, 11, 3);
INSERT INTO ORDER_ITEM (ORDER_ITEMID, CREATED_AT, SPECIAL_REQUIREMENT, STATE, MENU_ITEM_REFERENCE, PLACE_OF_RESERVATION_REFERENCE, RECEIPT_REFERENCE) VALUES (ORDER_SEQUENCE.nextval, TO_TIMESTAMP('2020-03-20 21:21:50.764000', 'YYYY-MM-DD HH24:MI:SS.FF6'), null, 'PAID', 25, 9, 4);
INSERT INTO ORDER_ITEM (ORDER_ITEMID, CREATED_AT, SPECIAL_REQUIREMENT, STATE, MENU_ITEM_REFERENCE, PLACE_OF_RESERVATION_REFERENCE, RECEIPT_REFERENCE) VALUES (ORDER_SEQUENCE.nextval, TO_TIMESTAMP('2020-03-20 21:21:51.437000', 'YYYY-MM-DD HH24:MI:SS.FF6'), null, 'PAID', 42, 9, 4);
INSERT INTO ORDER_ITEM (ORDER_ITEMID, CREATED_AT, SPECIAL_REQUIREMENT, STATE, MENU_ITEM_REFERENCE, PLACE_OF_RESERVATION_REFERENCE, RECEIPT_REFERENCE) VALUES (ORDER_SEQUENCE.nextval, TO_TIMESTAMP('2020-03-20 19:21:52.396000', 'YYYY-MM-DD HH24:MI:SS.FF6'), null, 'PAID', 47, 9, 4);
INSERT INTO ORDER_ITEM (ORDER_ITEMID, CREATED_AT, SPECIAL_REQUIREMENT, STATE, MENU_ITEM_REFERENCE, PLACE_OF_RESERVATION_REFERENCE, RECEIPT_REFERENCE) VALUES (ORDER_SEQUENCE.nextval, TO_TIMESTAMP('2020-03-20 20:21:52.794000', 'YYYY-MM-DD HH24:MI:SS.FF6'), null, 'PAID', 47, 9, 4);
INSERT INTO ORDER_ITEM (ORDER_ITEMID, CREATED_AT, SPECIAL_REQUIREMENT, STATE, MENU_ITEM_REFERENCE, PLACE_OF_RESERVATION_REFERENCE, RECEIPT_REFERENCE) VALUES (ORDER_SEQUENCE.nextval, TO_TIMESTAMP('2020-02-20 13:21:53.839000', 'YYYY-MM-DD HH24:MI:SS.FF6'), null, 'PAID', 8, 9, 4);
INSERT INTO ORDER_ITEM (ORDER_ITEMID, CREATED_AT, SPECIAL_REQUIREMENT, STATE, MENU_ITEM_REFERENCE, PLACE_OF_RESERVATION_REFERENCE, RECEIPT_REFERENCE) VALUES (ORDER_SEQUENCE.nextval, TO_TIMESTAMP('2020-03-20 12:21:54.595000', 'YYYY-MM-DD HH24:MI:SS.FF6'), null, 'PAID', 3, 9, 4);
INSERT INTO ORDER_ITEM (ORDER_ITEMID, CREATED_AT, SPECIAL_REQUIREMENT, STATE, MENU_ITEM_REFERENCE, PLACE_OF_RESERVATION_REFERENCE, RECEIPT_REFERENCE) VALUES (ORDER_SEQUENCE.nextval, TO_TIMESTAMP('2020-03-20 13:21:54.746000', 'YYYY-MM-DD HH24:MI:SS.FF6'), null, 'PAID', 3, 9, 4);
INSERT INTO ORDER_ITEM (ORDER_ITEMID, CREATED_AT, SPECIAL_REQUIREMENT, STATE, MENU_ITEM_REFERENCE, PLACE_OF_RESERVATION_REFERENCE, RECEIPT_REFERENCE) VALUES (ORDER_SEQUENCE.nextval, TO_TIMESTAMP('2020-02-20 10:21:55.102000', 'YYYY-MM-DD HH24:MI:SS.FF6'), null, 'PAID', 3, 9, 4);
INSERT INTO ORDER_ITEM (ORDER_ITEMID, CREATED_AT, SPECIAL_REQUIREMENT, STATE, MENU_ITEM_REFERENCE, PLACE_OF_RESERVATION_REFERENCE, RECEIPT_REFERENCE) VALUES (ORDER_SEQUENCE.nextval, TO_TIMESTAMP('2020-03-20 14:21:56.166000', 'YYYY-MM-DD HH24:MI:SS.FF6'), null, 'PAID', 37, 9, 4);
INSERT INTO ORDER_ITEM (ORDER_ITEMID, CREATED_AT, SPECIAL_REQUIREMENT, STATE, MENU_ITEM_REFERENCE, PLACE_OF_RESERVATION_REFERENCE, RECEIPT_REFERENCE) VALUES (ORDER_SEQUENCE.nextval, TO_TIMESTAMP('2019-10-20 14:21:56.632000', 'YYYY-MM-DD HH24:MI:SS.FF6'), null, 'PAID', 33, 9, 4);
INSERT INTO ORDER_ITEM (ORDER_ITEMID, CREATED_AT, SPECIAL_REQUIREMENT, STATE, MENU_ITEM_REFERENCE, PLACE_OF_RESERVATION_REFERENCE, RECEIPT_REFERENCE) VALUES (ORDER_SEQUENCE.nextval, TO_TIMESTAMP('2019-10-20 12:21:57.024000', 'YYYY-MM-DD HH24:MI:SS.FF6'), null, 'PAID', 31, 9, 4);
INSERT INTO ORDER_ITEM (ORDER_ITEMID, CREATED_AT, SPECIAL_REQUIREMENT, STATE, MENU_ITEM_REFERENCE, PLACE_OF_RESERVATION_REFERENCE, RECEIPT_REFERENCE) VALUES (ORDER_SEQUENCE.nextval, TO_TIMESTAMP('2020-03-20 14:21:57.908000', 'YYYY-MM-DD HH24:MI:SS.FF6'), null, 'PAID', 13, 9, 4);
INSERT INTO ORDER_ITEM (ORDER_ITEMID, CREATED_AT, SPECIAL_REQUIREMENT, STATE, MENU_ITEM_REFERENCE, PLACE_OF_RESERVATION_REFERENCE, RECEIPT_REFERENCE) VALUES (ORDER_SEQUENCE.nextval, TO_TIMESTAMP('2019-12-18 12:21:58.375000', 'YYYY-MM-DD HH24:MI:SS.FF6'), null, 'PAID', 16, 9, 4);
INSERT INTO ORDER_ITEM (ORDER_ITEMID, CREATED_AT, SPECIAL_REQUIREMENT, STATE, MENU_ITEM_REFERENCE, PLACE_OF_RESERVATION_REFERENCE, RECEIPT_REFERENCE) VALUES (ORDER_SEQUENCE.nextval, TO_TIMESTAMP('2019-11-20 10:22:04.867000', 'YYYY-MM-DD HH24:MI:SS.FF6'), null, 'PAID', 43, 6, 5);
INSERT INTO ORDER_ITEM (ORDER_ITEMID, CREATED_AT, SPECIAL_REQUIREMENT, STATE, MENU_ITEM_REFERENCE, PLACE_OF_RESERVATION_REFERENCE, RECEIPT_REFERENCE) VALUES (ORDER_SEQUENCE.nextval, TO_TIMESTAMP('2019-12-20 17:22:05.119000', 'YYYY-MM-DD HH24:MI:SS.FF6'), null, 'PAID', 43, 6, 5);
INSERT INTO ORDER_ITEM (ORDER_ITEMID, CREATED_AT, SPECIAL_REQUIREMENT, STATE, MENU_ITEM_REFERENCE, PLACE_OF_RESERVATION_REFERENCE, RECEIPT_REFERENCE) VALUES (ORDER_SEQUENCE.nextval, TO_TIMESTAMP('2020-03-30 12:22:05.304000', 'YYYY-MM-DD HH24:MI:SS.FF6'), null, 'PAID', 43, 6, 5);
INSERT INTO ORDER_ITEM (ORDER_ITEMID, CREATED_AT, SPECIAL_REQUIREMENT, STATE, MENU_ITEM_REFERENCE, PLACE_OF_RESERVATION_REFERENCE, RECEIPT_REFERENCE) VALUES (ORDER_SEQUENCE.nextval, TO_TIMESTAMP('2020-04-05 13:22:05.970000', 'YYYY-MM-DD HH24:MI:SS.FF6'), null, 'PAID', 25, 6, 5);
INSERT INTO ORDER_ITEM (ORDER_ITEMID, CREATED_AT, SPECIAL_REQUIREMENT, STATE, MENU_ITEM_REFERENCE, PLACE_OF_RESERVATION_REFERENCE, RECEIPT_REFERENCE) VALUES (ORDER_SEQUENCE.nextval, TO_TIMESTAMP('2020-04-04 12:22:06.136000', 'YYYY-MM-DD HH24:MI:SS.FF6'), null, 'PAID', 25, 6, 5);
INSERT INTO ORDER_ITEM (ORDER_ITEMID, CREATED_AT, SPECIAL_REQUIREMENT, STATE, MENU_ITEM_REFERENCE, PLACE_OF_RESERVATION_REFERENCE, RECEIPT_REFERENCE) VALUES (ORDER_SEQUENCE.nextval, TO_TIMESTAMP('2020-04-06 12:22:06.419000', 'YYYY-MM-DD HH24:MI:SS.FF6'), null, 'PAID', 25, 6, 5);
INSERT INTO ORDER_ITEM (ORDER_ITEMID, CREATED_AT, SPECIAL_REQUIREMENT, STATE, MENU_ITEM_REFERENCE, PLACE_OF_RESERVATION_REFERENCE, RECEIPT_REFERENCE) VALUES (ORDER_SEQUENCE.nextval, TO_TIMESTAMP('2020-04-06 12:22:07.108000', 'YYYY-MM-DD HH24:MI:SS.FF6'), null, 'PAID', 47, 6, 5);
INSERT INTO ORDER_ITEM (ORDER_ITEMID, CREATED_AT, SPECIAL_REQUIREMENT, STATE, MENU_ITEM_REFERENCE, PLACE_OF_RESERVATION_REFERENCE, RECEIPT_REFERENCE) VALUES (ORDER_SEQUENCE.nextval, TO_TIMESTAMP('2020-04-08 13:22:08.213000', 'YYYY-MM-DD HH24:MI:SS.FF6'), null, 'PAID', 1, 6, 5);
INSERT INTO ORDER_ITEM (ORDER_ITEMID, CREATED_AT, SPECIAL_REQUIREMENT, STATE, MENU_ITEM_REFERENCE, PLACE_OF_RESERVATION_REFERENCE, RECEIPT_REFERENCE) VALUES (ORDER_SEQUENCE.nextval, TO_TIMESTAMP('2020-04-11 12:22:08.654000', 'YYYY-MM-DD HH24:MI:SS.FF6'), null, 'PAID', 3, 6, 5);
INSERT INTO ORDER_ITEM (ORDER_ITEMID, CREATED_AT, SPECIAL_REQUIREMENT, STATE, MENU_ITEM_REFERENCE, PLACE_OF_RESERVATION_REFERENCE, RECEIPT_REFERENCE) VALUES (ORDER_SEQUENCE.nextval, TO_TIMESTAMP('2020-04-15 11:22:08.948000', 'YYYY-MM-DD HH24:MI:SS.FF6'), null, 'PAID', 6, 6, 5);
INSERT INTO ORDER_ITEM (ORDER_ITEMID, CREATED_AT, SPECIAL_REQUIREMENT, STATE, MENU_ITEM_REFERENCE, PLACE_OF_RESERVATION_REFERENCE, RECEIPT_REFERENCE) VALUES (ORDER_SEQUENCE.nextval, TO_TIMESTAMP('2020-04-15 12:22:09.828000', 'YYYY-MM-DD HH24:MI:SS.FF6'), null, 'PAID', 32, 6, 5);
INSERT INTO ORDER_ITEM (ORDER_ITEMID, CREATED_AT, SPECIAL_REQUIREMENT, STATE, MENU_ITEM_REFERENCE, PLACE_OF_RESERVATION_REFERENCE, RECEIPT_REFERENCE) VALUES (ORDER_SEQUENCE.nextval, TO_TIMESTAMP('2020-04-13 10:22:10.144000', 'YYYY-MM-DD HH24:MI:SS.FF6'), null, 'PAID', 34, 6, 5);
INSERT INTO ORDER_ITEM (ORDER_ITEMID, CREATED_AT, SPECIAL_REQUIREMENT, STATE, MENU_ITEM_REFERENCE, PLACE_OF_RESERVATION_REFERENCE, RECEIPT_REFERENCE) VALUES (ORDER_SEQUENCE.nextval, TO_TIMESTAMP('2020-04-04 10:22:11.109000', 'YYYY-MM-DD HH24:MI:SS.FF6'), null, 'PAID', 15, 6, 5);
INSERT INTO ORDER_ITEM (ORDER_ITEMID, CREATED_AT, SPECIAL_REQUIREMENT, STATE, MENU_ITEM_REFERENCE, PLACE_OF_RESERVATION_REFERENCE, RECEIPT_REFERENCE) VALUES (ORDER_SEQUENCE.nextval, TO_TIMESTAMP('2020-02-22 13:22:11.972000', 'YYYY-MM-DD HH24:MI:SS.FF6'), null, 'PAID', 17, 6, 5);
INSERT INTO ORDER_ITEM (ORDER_ITEMID, CREATED_AT, SPECIAL_REQUIREMENT, STATE, MENU_ITEM_REFERENCE, PLACE_OF_RESERVATION_REFERENCE, RECEIPT_REFERENCE) VALUES (ORDER_SEQUENCE.nextval, TO_TIMESTAMP('2020-02-23 12:22:17.307000', 'YYYY-MM-DD HH24:MI:SS.FF6'), null, 'PAID', 42, 20, 6);
INSERT INTO ORDER_ITEM (ORDER_ITEMID, CREATED_AT, SPECIAL_REQUIREMENT, STATE, MENU_ITEM_REFERENCE, PLACE_OF_RESERVATION_REFERENCE, RECEIPT_REFERENCE) VALUES (ORDER_SEQUENCE.nextval, TO_TIMESTAMP('2019-12-14 12:22:17.720000', 'YYYY-MM-DD HH24:MI:SS.FF6'), null, 'PAID', 38, 20, 6);
INSERT INTO ORDER_ITEM (ORDER_ITEMID, CREATED_AT, SPECIAL_REQUIREMENT, STATE, MENU_ITEM_REFERENCE, PLACE_OF_RESERVATION_REFERENCE, RECEIPT_REFERENCE) VALUES (ORDER_SEQUENCE.nextval, TO_TIMESTAMP('2020-02-14 12:22:17.898000', 'YYYY-MM-DD HH24:MI:SS.FF6'), null, 'PAID', 38, 20, 6);
INSERT INTO ORDER_ITEM (ORDER_ITEMID, CREATED_AT, SPECIAL_REQUIREMENT, STATE, MENU_ITEM_REFERENCE, PLACE_OF_RESERVATION_REFERENCE, RECEIPT_REFERENCE) VALUES (ORDER_SEQUENCE.nextval, TO_TIMESTAMP('2020-03-30 12:22:18.066000', 'YYYY-MM-DD HH24:MI:SS.FF6'), null, 'PAID', 38, 20, 6);
INSERT INTO ORDER_ITEM (ORDER_ITEMID, CREATED_AT, SPECIAL_REQUIREMENT, STATE, MENU_ITEM_REFERENCE, PLACE_OF_RESERVATION_REFERENCE, RECEIPT_REFERENCE) VALUES (ORDER_SEQUENCE.nextval, TO_TIMESTAMP('2019-12-28 12:22:18.224000', 'YYYY-MM-DD HH24:MI:SS.FF6'), null, 'PAID', 38, 20, 6);
INSERT INTO ORDER_ITEM (ORDER_ITEMID, CREATED_AT, SPECIAL_REQUIREMENT, STATE, MENU_ITEM_REFERENCE, PLACE_OF_RESERVATION_REFERENCE, RECEIPT_REFERENCE) VALUES (ORDER_SEQUENCE.nextval, TO_TIMESTAMP('2020-04-11 17:22:18.373000', 'YYYY-MM-DD HH24:MI:SS.FF6'), null, 'PAID', 38, 20, 6);
INSERT INTO ORDER_ITEM (ORDER_ITEMID, CREATED_AT, SPECIAL_REQUIREMENT, STATE, MENU_ITEM_REFERENCE, PLACE_OF_RESERVATION_REFERENCE, RECEIPT_REFERENCE) VALUES (ORDER_SEQUENCE.nextval, TO_TIMESTAMP('2020-03-20 20:22:18.521000', 'YYYY-MM-DD HH24:MI:SS.FF6'), null, 'PAID', 38, 20, 6);
INSERT INTO ORDER_ITEM (ORDER_ITEMID, CREATED_AT, SPECIAL_REQUIREMENT, STATE, MENU_ITEM_REFERENCE, PLACE_OF_RESERVATION_REFERENCE, RECEIPT_REFERENCE) VALUES (ORDER_SEQUENCE.nextval, TO_TIMESTAMP('2019-12-07 18:22:18.658000', 'YYYY-MM-DD HH24:MI:SS.FF6'), null, 'PAID', 38, 20, 6);
INSERT INTO ORDER_ITEM (ORDER_ITEMID, CREATED_AT, SPECIAL_REQUIREMENT, STATE, MENU_ITEM_REFERENCE, PLACE_OF_RESERVATION_REFERENCE, RECEIPT_REFERENCE) VALUES (ORDER_SEQUENCE.nextval, TO_TIMESTAMP('2020-01-20 12:22:19.243000', 'YYYY-MM-DD HH24:MI:SS.FF6'), null, 'PAID', 23, 20, 6);
INSERT INTO ORDER_ITEM (ORDER_ITEMID, CREATED_AT, SPECIAL_REQUIREMENT, STATE, MENU_ITEM_REFERENCE, PLACE_OF_RESERVATION_REFERENCE, RECEIPT_REFERENCE) VALUES (ORDER_SEQUENCE.nextval, TO_TIMESTAMP('2020-03-07 11:22:19.393000', 'YYYY-MM-DD HH24:MI:SS.FF6'), null, 'PAID', 23, 20, 6);
INSERT INTO ORDER_ITEM (ORDER_ITEMID, CREATED_AT, SPECIAL_REQUIREMENT, STATE, MENU_ITEM_REFERENCE, PLACE_OF_RESERVATION_REFERENCE, RECEIPT_REFERENCE) VALUES (ORDER_SEQUENCE.nextval, TO_TIMESTAMP('2020-03-08 12:22:19.556000', 'YYYY-MM-DD HH24:MI:SS.FF6'), null, 'PAID', 23, 20, 6);
INSERT INTO ORDER_ITEM (ORDER_ITEMID, CREATED_AT, SPECIAL_REQUIREMENT, STATE, MENU_ITEM_REFERENCE, PLACE_OF_RESERVATION_REFERENCE, RECEIPT_REFERENCE) VALUES (ORDER_SEQUENCE.nextval, TO_TIMESTAMP('2020-03-09 15:22:19.697000', 'YYYY-MM-DD HH24:MI:SS.FF6'), null, 'PAID', 23, 20, 6);
INSERT INTO ORDER_ITEM (ORDER_ITEMID, CREATED_AT, SPECIAL_REQUIREMENT, STATE, MENU_ITEM_REFERENCE, PLACE_OF_RESERVATION_REFERENCE, RECEIPT_REFERENCE) VALUES (ORDER_SEQUENCE.nextval, TO_TIMESTAMP('2020-01-20 16:22:19.853000', 'YYYY-MM-DD HH24:MI:SS.FF6'), null, 'PAID', 23, 20, 6);
INSERT INTO ORDER_ITEM (ORDER_ITEMID, CREATED_AT, SPECIAL_REQUIREMENT, STATE, MENU_ITEM_REFERENCE, PLACE_OF_RESERVATION_REFERENCE, RECEIPT_REFERENCE) VALUES (ORDER_SEQUENCE.nextval, TO_TIMESTAMP('2020-03-11 16:22:19.985000', 'YYYY-MM-DD HH24:MI:SS.FF6'), null, 'PAID', 23, 20, 6);
INSERT INTO ORDER_ITEM (ORDER_ITEMID, CREATED_AT, SPECIAL_REQUIREMENT, STATE, MENU_ITEM_REFERENCE, PLACE_OF_RESERVATION_REFERENCE, RECEIPT_REFERENCE) VALUES (ORDER_SEQUENCE.nextval, TO_TIMESTAMP('2020-01-20 15:22:20.134000', 'YYYY-MM-DD HH24:MI:SS.FF6'), null, 'PAID', 23, 20, 6);
INSERT INTO ORDER_ITEM (ORDER_ITEMID, CREATED_AT, SPECIAL_REQUIREMENT, STATE, MENU_ITEM_REFERENCE, PLACE_OF_RESERVATION_REFERENCE, RECEIPT_REFERENCE) VALUES (ORDER_SEQUENCE.nextval, TO_TIMESTAMP('2020-02-22 16:22:20.256000', 'YYYY-MM-DD HH24:MI:SS.FF6'), null, 'PAID', 23, 20, 6);
INSERT INTO ORDER_ITEM (ORDER_ITEMID, CREATED_AT, SPECIAL_REQUIREMENT, STATE, MENU_ITEM_REFERENCE, PLACE_OF_RESERVATION_REFERENCE, RECEIPT_REFERENCE) VALUES (ORDER_SEQUENCE.nextval, TO_TIMESTAMP('2020-01-03 14:22:20.387000', 'YYYY-MM-DD HH24:MI:SS.FF6'), null, 'PAID', 23, 20, 6);
INSERT INTO ORDER_ITEM (ORDER_ITEMID, CREATED_AT, SPECIAL_REQUIREMENT, STATE, MENU_ITEM_REFERENCE, PLACE_OF_RESERVATION_REFERENCE, RECEIPT_REFERENCE) VALUES (ORDER_SEQUENCE.nextval, TO_TIMESTAMP('2020-01-20 14:22:21.109000', 'YYYY-MM-DD HH24:MI:SS.FF6'), null, 'PAID', 47, 20, 6);
INSERT INTO ORDER_ITEM (ORDER_ITEMID, CREATED_AT, SPECIAL_REQUIREMENT, STATE, MENU_ITEM_REFERENCE, PLACE_OF_RESERVATION_REFERENCE, RECEIPT_REFERENCE) VALUES (ORDER_SEQUENCE.nextval, TO_TIMESTAMP('2020-01-14 11:22:21.387000', 'YYYY-MM-DD HH24:MI:SS.FF6'), null, 'PAID', 47, 20, 6);
INSERT INTO ORDER_ITEM (ORDER_ITEMID, CREATED_AT, SPECIAL_REQUIREMENT, STATE, MENU_ITEM_REFERENCE, PLACE_OF_RESERVATION_REFERENCE, RECEIPT_REFERENCE) VALUES (ORDER_SEQUENCE.nextval, TO_TIMESTAMP('2020-01-30 19:22:21.700000', 'YYYY-MM-DD HH24:MI:SS.FF6'), null, 'PAID', 49, 20, 6);
INSERT INTO ORDER_ITEM (ORDER_ITEMID, CREATED_AT, SPECIAL_REQUIREMENT, STATE, MENU_ITEM_REFERENCE, PLACE_OF_RESERVATION_REFERENCE, RECEIPT_REFERENCE) VALUES (ORDER_SEQUENCE.nextval, TO_TIMESTAMP('2020-02-28 19:22:21.973000', 'YYYY-MM-DD HH24:MI:SS.FF6'), null, 'PAID', 47, 20, 6);
INSERT INTO ORDER_ITEM (ORDER_ITEMID, CREATED_AT, SPECIAL_REQUIREMENT, STATE, MENU_ITEM_REFERENCE, PLACE_OF_RESERVATION_REFERENCE, RECEIPT_REFERENCE) VALUES (ORDER_SEQUENCE.nextval, TO_TIMESTAMP('2020-02-14 19:22:22.293000', 'YYYY-MM-DD HH24:MI:SS.FF6'), null, 'PAID', 44, 20, 6);
INSERT INTO ORDER_ITEM (ORDER_ITEMID, CREATED_AT, SPECIAL_REQUIREMENT, STATE, MENU_ITEM_REFERENCE, PLACE_OF_RESERVATION_REFERENCE, RECEIPT_REFERENCE) VALUES (ORDER_SEQUENCE.nextval, TO_TIMESTAMP('2020-01-16 21:22:22.585000', 'YYYY-MM-DD HH24:MI:SS.FF6'), null, 'PAID', 47, 20, 6);
INSERT INTO ORDER_ITEM (ORDER_ITEMID, CREATED_AT, SPECIAL_REQUIREMENT, STATE, MENU_ITEM_REFERENCE, PLACE_OF_RESERVATION_REFERENCE, RECEIPT_REFERENCE) VALUES (ORDER_SEQUENCE.nextval, TO_TIMESTAMP('2020-04-15 21:22:22.748000', 'YYYY-MM-DD HH24:MI:SS.FF6'), null, 'PAID', 47, 20, 6);
INSERT INTO ORDER_ITEM (ORDER_ITEMID, CREATED_AT, SPECIAL_REQUIREMENT, STATE, MENU_ITEM_REFERENCE, PLACE_OF_RESERVATION_REFERENCE, RECEIPT_REFERENCE) VALUES (ORDER_SEQUENCE.nextval, TO_TIMESTAMP('2020-04-15 11:22:23.647000', 'YYYY-MM-DD HH24:MI:SS.FF6'), null, 'PAID', 9, 20, 6);
INSERT INTO ORDER_ITEM (ORDER_ITEMID, CREATED_AT, SPECIAL_REQUIREMENT, STATE, MENU_ITEM_REFERENCE, PLACE_OF_RESERVATION_REFERENCE, RECEIPT_REFERENCE) VALUES (ORDER_SEQUENCE.nextval, TO_TIMESTAMP('2020-04-10 17:22:23.806000', 'YYYY-MM-DD HH24:MI:SS.FF6'), null, 'PAID', 9, 20, 6);
INSERT INTO ORDER_ITEM (ORDER_ITEMID, CREATED_AT, SPECIAL_REQUIREMENT, STATE, MENU_ITEM_REFERENCE, PLACE_OF_RESERVATION_REFERENCE, RECEIPT_REFERENCE) VALUES (ORDER_SEQUENCE.nextval, TO_TIMESTAMP('2020-04-05 17:22:23.968000', 'YYYY-MM-DD HH24:MI:SS.FF6'), null, 'PAID', 9, 20, 6);
INSERT INTO ORDER_ITEM (ORDER_ITEMID, CREATED_AT, SPECIAL_REQUIREMENT, STATE, MENU_ITEM_REFERENCE, PLACE_OF_RESERVATION_REFERENCE, RECEIPT_REFERENCE) VALUES (ORDER_SEQUENCE.nextval, TO_TIMESTAMP('2020-04-01 18:22:24.108000', 'YYYY-MM-DD HH24:MI:SS.FF6'), null, 'PAID', 9, 20, 6);
INSERT INTO ORDER_ITEM (ORDER_ITEMID, CREATED_AT, SPECIAL_REQUIREMENT, STATE, MENU_ITEM_REFERENCE, PLACE_OF_RESERVATION_REFERENCE, RECEIPT_REFERENCE) VALUES (ORDER_SEQUENCE.nextval, TO_TIMESTAMP('2020-04-11 16:22:24.245000', 'YYYY-MM-DD HH24:MI:SS.FF6'), null, 'PAID', 9, 20, 6);
INSERT INTO ORDER_ITEM (ORDER_ITEMID, CREATED_AT, SPECIAL_REQUIREMENT, STATE, MENU_ITEM_REFERENCE, PLACE_OF_RESERVATION_REFERENCE, RECEIPT_REFERENCE) VALUES (ORDER_SEQUENCE.nextval, TO_TIMESTAMP('2020-02-15 18:22:24.382000', 'YYYY-MM-DD HH24:MI:SS.FF6'), null, 'PAID', 9, 20, 6);
INSERT INTO ORDER_ITEM (ORDER_ITEMID, CREATED_AT, SPECIAL_REQUIREMENT, STATE, MENU_ITEM_REFERENCE, PLACE_OF_RESERVATION_REFERENCE, RECEIPT_REFERENCE) VALUES (ORDER_SEQUENCE.nextval, TO_TIMESTAMP('2020-02-15 14:22:24.512000', 'YYYY-MM-DD HH24:MI:SS.FF6'), null, 'PAID', 9, 20, 6);
INSERT INTO ORDER_ITEM (ORDER_ITEMID, CREATED_AT, SPECIAL_REQUIREMENT, STATE, MENU_ITEM_REFERENCE, PLACE_OF_RESERVATION_REFERENCE, RECEIPT_REFERENCE) VALUES (ORDER_SEQUENCE.nextval, TO_TIMESTAMP('2020-02-15 16:22:24.639000', 'YYYY-MM-DD HH24:MI:SS.FF6'), null, 'PAID', 9, 20, 6);
INSERT INTO ORDER_ITEM (ORDER_ITEMID, CREATED_AT, SPECIAL_REQUIREMENT, STATE, MENU_ITEM_REFERENCE, PLACE_OF_RESERVATION_REFERENCE, RECEIPT_REFERENCE) VALUES (ORDER_SEQUENCE.nextval, TO_TIMESTAMP('2020-02-15 16:22:24.792000', 'YYYY-MM-DD HH24:MI:SS.FF6'), null, 'PAID', 9, 20, 6);
INSERT INTO ORDER_ITEM (ORDER_ITEMID, CREATED_AT, SPECIAL_REQUIREMENT, STATE, MENU_ITEM_REFERENCE, PLACE_OF_RESERVATION_REFERENCE, RECEIPT_REFERENCE) VALUES (ORDER_SEQUENCE.nextval, TO_TIMESTAMP('2020-01-10 16:22:24.907000', 'YYYY-MM-DD HH24:MI:SS.FF6'), null, 'PAID', 9, 20, 6);
INSERT INTO ORDER_ITEM (ORDER_ITEMID, CREATED_AT, SPECIAL_REQUIREMENT, STATE, MENU_ITEM_REFERENCE, PLACE_OF_RESERVATION_REFERENCE, RECEIPT_REFERENCE) VALUES (ORDER_SEQUENCE.nextval, TO_TIMESTAMP('2020-01-16 15:22:25.053000', 'YYYY-MM-DD HH24:MI:SS.FF6'), null, 'PAID', 9, 20, 6);
INSERT INTO ORDER_ITEM (ORDER_ITEMID, CREATED_AT, SPECIAL_REQUIREMENT, STATE, MENU_ITEM_REFERENCE, PLACE_OF_RESERVATION_REFERENCE, RECEIPT_REFERENCE) VALUES (ORDER_SEQUENCE.nextval, TO_TIMESTAMP('2020-01-20 19:22:25.195000', 'YYYY-MM-DD HH24:MI:SS.FF6'), null, 'PAID', 9, 20, 6);
INSERT INTO ORDER_ITEM (ORDER_ITEMID, CREATED_AT, SPECIAL_REQUIREMENT, STATE, MENU_ITEM_REFERENCE, PLACE_OF_RESERVATION_REFERENCE, RECEIPT_REFERENCE) VALUES (ORDER_SEQUENCE.nextval, TO_TIMESTAMP('2020-01-25 19:22:26.030000', 'YYYY-MM-DD HH24:MI:SS.FF6'), null, 'PAID', 4, 20, 6);
INSERT INTO ORDER_ITEM (ORDER_ITEMID, CREATED_AT, SPECIAL_REQUIREMENT, STATE, MENU_ITEM_REFERENCE, PLACE_OF_RESERVATION_REFERENCE, RECEIPT_REFERENCE) VALUES (ORDER_SEQUENCE.nextval, TO_TIMESTAMP('2020-01-25 20:22:26.318000', 'YYYY-MM-DD HH24:MI:SS.FF6'), null, 'PAID', 6, 20, 6);
INSERT INTO ORDER_ITEM (ORDER_ITEMID, CREATED_AT, SPECIAL_REQUIREMENT, STATE, MENU_ITEM_REFERENCE, PLACE_OF_RESERVATION_REFERENCE, RECEIPT_REFERENCE) VALUES (ORDER_SEQUENCE.nextval, TO_TIMESTAMP('2019-11-12 20:22:26.904000', 'YYYY-MM-DD HH24:MI:SS.FF6'), null, 'PAID', 2, 20, 6);
INSERT INTO ORDER_ITEM (ORDER_ITEMID, CREATED_AT, SPECIAL_REQUIREMENT, STATE, MENU_ITEM_REFERENCE, PLACE_OF_RESERVATION_REFERENCE, RECEIPT_REFERENCE) VALUES (ORDER_SEQUENCE.nextval, TO_TIMESTAMP('2020-04-02 20:22:27.145000', 'YYYY-MM-DD HH24:MI:SS.FF6'), null, 'PAID', 1, 20, 6);
INSERT INTO ORDER_ITEM (ORDER_ITEMID, CREATED_AT, SPECIAL_REQUIREMENT, STATE, MENU_ITEM_REFERENCE, PLACE_OF_RESERVATION_REFERENCE, RECEIPT_REFERENCE) VALUES (ORDER_SEQUENCE.nextval, TO_TIMESTAMP('2020-03-02 15:22:27.474000', 'YYYY-MM-DD HH24:MI:SS.FF6'), null, 'PAID', 2, 20, 6);
INSERT INTO ORDER_ITEM (ORDER_ITEMID, CREATED_AT, SPECIAL_REQUIREMENT, STATE, MENU_ITEM_REFERENCE, PLACE_OF_RESERVATION_REFERENCE, RECEIPT_REFERENCE) VALUES (ORDER_SEQUENCE.nextval, TO_TIMESTAMP('2020-03-29 20:22:27.722000', 'YYYY-MM-DD HH24:MI:SS.FF6'), null, 'PAID', 3, 20, 6);
INSERT INTO ORDER_ITEM (ORDER_ITEMID, CREATED_AT, SPECIAL_REQUIREMENT, STATE, MENU_ITEM_REFERENCE, PLACE_OF_RESERVATION_REFERENCE, RECEIPT_REFERENCE) VALUES (ORDER_SEQUENCE.nextval, TO_TIMESTAMP('2020-03-29 11:22:28.406000', 'YYYY-MM-DD HH24:MI:SS.FF6'), null, 'PAID', 33, 20, 6);
INSERT INTO ORDER_ITEM (ORDER_ITEMID, CREATED_AT, SPECIAL_REQUIREMENT, STATE, MENU_ITEM_REFERENCE, PLACE_OF_RESERVATION_REFERENCE, RECEIPT_REFERENCE) VALUES (ORDER_SEQUENCE.nextval, TO_TIMESTAMP('2020-03-13 11:22:28.658000', 'YYYY-MM-DD HH24:MI:SS.FF6'), null, 'PAID', 31, 20, 6);
INSERT INTO ORDER_ITEM (ORDER_ITEMID, CREATED_AT, SPECIAL_REQUIREMENT, STATE, MENU_ITEM_REFERENCE, PLACE_OF_RESERVATION_REFERENCE, RECEIPT_REFERENCE) VALUES (ORDER_SEQUENCE.nextval, TO_TIMESTAMP('2020-02-15 15:22:28.835000', 'YYYY-MM-DD HH24:MI:SS.FF6'), null, 'PAID', 31, 20, 6);
INSERT INTO ORDER_ITEM (ORDER_ITEMID, CREATED_AT, SPECIAL_REQUIREMENT, STATE, MENU_ITEM_REFERENCE, PLACE_OF_RESERVATION_REFERENCE, RECEIPT_REFERENCE) VALUES (ORDER_SEQUENCE.nextval, TO_TIMESTAMP('2020-02-10 11:22:29.121000', 'YYYY-MM-DD HH24:MI:SS.FF6'), null, 'PAID', 30, 20, 6);
INSERT INTO ORDER_ITEM (ORDER_ITEMID, CREATED_AT, SPECIAL_REQUIREMENT, STATE, MENU_ITEM_REFERENCE, PLACE_OF_RESERVATION_REFERENCE, RECEIPT_REFERENCE) VALUES (ORDER_SEQUENCE.nextval, TO_TIMESTAMP('2020-02-10 11:22:29.600000', 'YYYY-MM-DD HH24:MI:SS.FF6'), null, 'PAID', 32, 20, 6);
INSERT INTO ORDER_ITEM (ORDER_ITEMID, CREATED_AT, SPECIAL_REQUIREMENT, STATE, MENU_ITEM_REFERENCE, PLACE_OF_RESERVATION_REFERENCE, RECEIPT_REFERENCE) VALUES (ORDER_SEQUENCE.nextval, TO_TIMESTAMP('2020-02-11 11:22:29.827000', 'YYYY-MM-DD HH24:MI:SS.FF6'), null, 'PAID', 33, 20, 6);
INSERT INTO ORDER_ITEM (ORDER_ITEMID, CREATED_AT, SPECIAL_REQUIREMENT, STATE, MENU_ITEM_REFERENCE, PLACE_OF_RESERVATION_REFERENCE, RECEIPT_REFERENCE) VALUES (ORDER_SEQUENCE.nextval, TO_TIMESTAMP('2019-05-15 11:22:30.070000', 'YYYY-MM-DD HH24:MI:SS.FF6'), null, 'PAID', 34, 20, 6);
INSERT INTO ORDER_ITEM (ORDER_ITEMID, CREATED_AT, SPECIAL_REQUIREMENT, STATE, MENU_ITEM_REFERENCE, PLACE_OF_RESERVATION_REFERENCE, RECEIPT_REFERENCE) VALUES (ORDER_SEQUENCE.nextval, TO_TIMESTAMP('2019-05-15 15:22:30.292000', 'YYYY-MM-DD HH24:MI:SS.FF6'), null, 'PAID', 34, 20, 6);
INSERT INTO ORDER_ITEM (ORDER_ITEMID, CREATED_AT, SPECIAL_REQUIREMENT, STATE, MENU_ITEM_REFERENCE, PLACE_OF_RESERVATION_REFERENCE, RECEIPT_REFERENCE) VALUES (ORDER_SEQUENCE.nextval, TO_TIMESTAMP('2020-03-14 12:22:30.517000', 'YYYY-MM-DD HH24:MI:SS.FF6'), null, 'PAID', 34, 20, 6);
INSERT INTO ORDER_ITEM (ORDER_ITEMID, CREATED_AT, SPECIAL_REQUIREMENT, STATE, MENU_ITEM_REFERENCE, PLACE_OF_RESERVATION_REFERENCE, RECEIPT_REFERENCE) VALUES (ORDER_SEQUENCE.nextval, TO_TIMESTAMP('2020-03-15 17:22:31.144000', 'YYYY-MM-DD HH24:MI:SS.FF6'), null, 'PAID', 30, 20, 6);
INSERT INTO ORDER_ITEM (ORDER_ITEMID, CREATED_AT, SPECIAL_REQUIREMENT, STATE, MENU_ITEM_REFERENCE, PLACE_OF_RESERVATION_REFERENCE, RECEIPT_REFERENCE) VALUES (ORDER_SEQUENCE.nextval, TO_TIMESTAMP('2020-03-16 17:22:32.047000', 'YYYY-MM-DD HH24:MI:SS.FF6'), null, 'PAID', 12, 20, 6);
INSERT INTO ORDER_ITEM (ORDER_ITEMID, CREATED_AT, SPECIAL_REQUIREMENT, STATE, MENU_ITEM_REFERENCE, PLACE_OF_RESERVATION_REFERENCE, RECEIPT_REFERENCE) VALUES (ORDER_SEQUENCE.nextval, TO_TIMESTAMP('2020-03-16 17:22:32.216000', 'YYYY-MM-DD HH24:MI:SS.FF6'), null, 'PAID', 12, 20, 6);
INSERT INTO ORDER_ITEM (ORDER_ITEMID, CREATED_AT, SPECIAL_REQUIREMENT, STATE, MENU_ITEM_REFERENCE, PLACE_OF_RESERVATION_REFERENCE, RECEIPT_REFERENCE) VALUES (ORDER_SEQUENCE.nextval, TO_TIMESTAMP('2020-03-19 10:22:32.409000', 'YYYY-MM-DD HH24:MI:SS.FF6'), null, 'PAID', 15, 20, 6);
INSERT INTO ORDER_ITEM (ORDER_ITEMID, CREATED_AT, SPECIAL_REQUIREMENT, STATE, MENU_ITEM_REFERENCE, PLACE_OF_RESERVATION_REFERENCE, RECEIPT_REFERENCE) VALUES (ORDER_SEQUENCE.nextval, TO_TIMESTAMP('2020-03-19 18:22:32.614000', 'YYYY-MM-DD HH24:MI:SS.FF6'), null, 'PAID', 13, 20, 6);
    INSERT INTO ORDER_ITEM (ORDER_ITEMID, CREATED_AT, SPECIAL_REQUIREMENT, STATE, MENU_ITEM_REFERENCE, PLACE_OF_RESERVATION_REFERENCE, RECEIPT_REFERENCE) VALUES (ORDER_SEQUENCE.nextval, TO_TIMESTAMP('2020-03-15 18:22:32.770000', 'YYYY-MM-DD HH24:MI:SS.FF6'), null, 'PAID', 12, 20, 6);
INSERT INTO ORDER_ITEM (ORDER_ITEMID, CREATED_AT, SPECIAL_REQUIREMENT, STATE, MENU_ITEM_REFERENCE, PLACE_OF_RESERVATION_REFERENCE, RECEIPT_REFERENCE) VALUES (ORDER_SEQUENCE.nextval, TO_TIMESTAMP('2020-03-11 18:22:32.973000', 'YYYY-MM-DD HH24:MI:SS.FF6'), null, 'PAID', 11, 20, 6);
INSERT INTO ORDER_ITEM (ORDER_ITEMID, CREATED_AT, SPECIAL_REQUIREMENT, STATE, MENU_ITEM_REFERENCE, PLACE_OF_RESERVATION_REFERENCE, RECEIPT_REFERENCE) VALUES (ORDER_SEQUENCE.nextval, TO_TIMESTAMP('2020-03-11 18:22:34.564000', 'YYYY-MM-DD HH24:MI:SS.FF6'), null, 'PAID', 16, 20, 6);
INSERT INTO ORDER_ITEM (ORDER_ITEMID, CREATED_AT, SPECIAL_REQUIREMENT, STATE, MENU_ITEM_REFERENCE, PLACE_OF_RESERVATION_REFERENCE, RECEIPT_REFERENCE) VALUES (ORDER_SEQUENCE.nextval, TO_TIMESTAMP('2020-01-15 18:22:34.699000', 'YYYY-MM-DD HH24:MI:SS.FF6'), null, 'PAID', 16, 20, 6);
INSERT INTO ORDER_ITEM (ORDER_ITEMID, CREATED_AT, SPECIAL_REQUIREMENT, STATE, MENU_ITEM_REFERENCE, PLACE_OF_RESERVATION_REFERENCE, RECEIPT_REFERENCE) VALUES (ORDER_SEQUENCE.nextval, TO_TIMESTAMP('2020-01-15 19:22:35.449000', 'YYYY-MM-DD HH24:MI:SS.FF6'), null, 'PAID', 19, 20, 6);
INSERT INTO ORDER_ITEM (ORDER_ITEMID, CREATED_AT, SPECIAL_REQUIREMENT, STATE, MENU_ITEM_REFERENCE, PLACE_OF_RESERVATION_REFERENCE, RECEIPT_REFERENCE) VALUES (ORDER_SEQUENCE.nextval, TO_TIMESTAMP('2020-01-15 10:22:37.050000', 'YYYY-MM-DD HH24:MI:SS.FF6'), null, 'PAID', 31, 20, 6);



